FlightID,Source,Destination,SourceAirport,DestinationAirport,DepartureDate,DepartureTime,ArrivalDate,ArrivalTime,
1,Seattle,Miami,SEA,MIA,01/02/2024,13:13,01/02/2024,18:06,
2,Boston,Miami,BOS,MIA,01/11/2023,17:24,01/11/2023,18:50,
3,New York,Los Angeles,JFK,LAX,04/03/2023,23:51,04/04/2023,05:13,
4,Seattle,Atlanta,SEA,ATL,02/26/2023,03:00,02/26/2023,09:14,
5,Los Angeles,Denver,LAX,DEN,08/11/2023,14:07,08/11/2023,17:03,
6,New York,Seattle,JFK,SEA,11/05/2024,03:41,11/05/2024,09:19,
7,Seattle,Atlanta,SEA,ATL,10/25/2024,00:23,10/25/2024,01:51,
8,Chicago,Miami,ORD,MIA,11/17/2023,15:21,11/17/2023,19:42,
9,Dallas,New York,DFW,JFK,09/28/2024,23:41,09/29/2024,04:22,
10,Atlanta,Dallas,ATL,DFW,01/11/2024,12:01,01/11/2024,17:56,
11,Chicago,New York,ORD,JFK,02/19/2023,01:12,02/19/2023,05:46,
12,Denver,New York,DEN,JFK,12/14/2024,12:10,12/14/2024,14:59, 
13,Atlanta,Boston,ATL,BOS,10/09/2024,23:14,10/10/2024,03:25,
14,San Francisco,Seattle,SFO,SEA,04/05/2024,03:07,04/05/2024,09:12,
15,New York,Miami,JFK,MIA,08/17/2024,16:44,08/17/2024,18:08,
16,San Francisco,Chicago,SFO,ORD,01/24/2023,14:25,01/24/2023,16:56,
17,Seattle,Boston,SEA,BOS,04/12/2024,12:28,04/12/2024,17:41,
18,Chicago,Dallas,ORD,DFW,02/22/2024,09:33,02/22/2024,13:42,
19,Chicago,Los Angeles,ORD,LAX,12/11/2024,22:06,12/12/2024,02:08,
20,Denver,Los Angeles,DEN,LAX,03/28/2024,00:38,03/28/2024,05:33,
21,San Francisco,New York,SFO,JFK,08/21/2023,21:49,08/21/2023,23:31,
22,Dallas,Miami,DFW,MIA,12/06/2024,07:50,12/06/2024,13:19,
23,Dallas,Chicago,DFW,ORD,10/27/2024,02:57,10/27/2024,07:41,
24,Miami,San Francisco,MIA,SFO,12/20/2023,19:53,12/21/2023,01:51,
25,Seattle,San Francisco,SEA,SFO,09/03/2024,16:58,09/03/2024,17:58,
26,Miami,Boston,MIA,BOS,06/10/2024,14:54,06/10/2024,17:02,
27,New York,Miami,JFK,MIA,06/06/2023,07:23,06/06/2023,12:54,
28,San Francisco,Seattle,SFO,SEA,05/01/2024,22:58,05/02/2024,03:24,
29,Dallas,Los Angeles,DFW,LAX,03/08/2023,05:40,03/08/2023,09:50,
30,Miami,Atlanta,MIA,ATL,10/10/2023,20:41,10/11/2023,00:43,
31,Miami,Atlanta,MIA,ATL,06/26/2023,21:00,06/26/2023,23:45,
32,Los Angeles,Boston,LAX,BOS,02/10/2023,10:41,02/10/2023,12:01,
33,Seattle,Miami,SEA,MIA,06/09/2023,13:06,06/09/2023,16:55,
34,Los Angeles,Boston,LAX,BOS,11/25/2024,09:33,11/25/2024,12:06,
35,Denver,Seattle,DEN,SEA,04/23/2023,14:45,04/23/2023,20:47,
36,Boston,San Francisco,BOS,SFO,08/09/2024,14:02,08/09/2024,18:46,
37,Denver,Chicago,DEN,ORD,03/06/2024,03:34,03/06/2024,04:59,
38,Miami,Denver,MIA,DEN,02/05/2024,02:17,02/05/2024,05:36,
39,San Francisco,Los Angeles,SFO,LAX,05/10/2023,23:30,05/11/2023,02:22,
40,Chicago,Atlanta,ORD,ATL,09/24/2024,07:42,09/24/2024,11:04,
41,Seattle,Dallas,SEA,DFW,11/17/2024,10:45,11/17/2024,13:57,
42,Miami,Los Angeles,MIA,LAX,06/08/2024,10:19,06/08/2024,12:12,
43,Denver,Seattle,DEN,SEA,08/09/2023,22:07,08/10/2023,01:55,
44,Denver,Atlanta,DEN,ATL,12/08/2024,06:51,12/08/2024,10:01,
45,San Francisco,New York,SFO,JFK,09/09/2023,01:44,09/09/2023,05:39,
46,New York,Atlanta,JFK,ATL,06/27/2024,07:58,06/27/2024,13:56,
47,Los Angeles,Seattle,LAX,SEA,07/09/2023,22:26,07/09/2023,23:48,
48,Atlanta,Miami,ATL,MIA,05/08/2024,16:13,05/08/2024,20:53,
49,Atlanta,Denver,ATL,DEN,09/22/2023,17:33,09/22/2023,23:55,
50,Seattle,Denver,SEA,DEN,11/01/2024,20:01,11/01/2024,23:51,
51,Denver,New York,DEN,JFK,09/10/2024,10:08,09/10/2024,15:23,
52,San Francisco,Atlanta,SFO,ATL,09/10/2024,00:54,09/10/2024,07:28,
53,Atlanta,Dallas,ATL,DFW,09/05/2024,23:08,09/06/2024,03:43,
54,Boston,San Francisco,BOS,SFO,12/02/2024,05:48,12/02/2024,12:40,
55,Miami,Boston,MIA,BOS,08/09/2024,16:57,08/09/2024,23:55,
56,Atlanta,San Francisco,ATL,SFO,02/16/2024,01:41,02/16/2024,05:57,
57,Seattle,New York,SEA,JFK,08/28/2023,03:43,08/28/2023,05:25,
58,Seattle,Chicago,SEA,ORD,11/22/2023,01:30,11/22/2023,04:23,
59,Chicago,Denver,ORD,DEN,09/23/2024,01:55,09/23/2024,05:04,
60,San Francisco,Dallas,SFO,DFW,01/15/2024,00:37,01/15/2024,02:11,
61,Atlanta,Denver,ATL,DEN,01/16/2024,07:46,01/16/2024,12:11,
62,Chicago,Dallas,ORD,DFW,06/22/2023,08:18,06/22/2023,15:11,
63,Los Angeles,Atlanta,LAX,ATL,01/23/2023,05:24,01/23/2023,10:48,
64,New York,Boston,JFK,BOS,08/04/2024,20:24,08/05/2024,01:31,
65,Boston,New York,BOS,JFK,04/27/2024,12:17,04/27/2024,17:00,
66,San Francisco,Los Angeles,SFO,LAX,02/25/2023,19:29,02/26/2023,02:09,
67,Los Angeles,Dallas,LAX,DFW,03/18/2024,05:31,03/18/2024,09:11,
68,Atlanta,New York,ATL,JFK,05/06/2023,14:21,05/06/2023,15:30,
69,San Francisco,Dallas,SFO,DFW,03/21/2024,12:29,03/21/2024,17:28,
70,Seattle,Los Angeles,SEA,LAX,05/05/2023,07:50,05/05/2023,09:18,
71,Denver,Dallas,DEN,DFW,09/12/2023,18:16,09/12/2023,22:54,
72,San Francisco,Seattle,SFO,SEA,07/16/2024,08:46,07/16/2024,13:05,
73,New York,Los Angeles,JFK,LAX,01/12/2023,14:46,01/12/2023,20:35,
74,Seattle,Dallas,SEA,DFW,06/12/2024,22:42,06/12/2024,23:51,
75,Dallas,San Francisco,DFW,SFO,10/09/2023,12:50,10/09/2023,18:55,
76,Seattle,San Francisco,SEA,SFO,07/24/2023,22:55,07/25/2023,04:00,
77,Los Angeles,Dallas,LAX,DFW,06/17/2023,16:00,06/17/2023,17:17,
78,Denver,New York,DEN,JFK,02/02/2024,09:19,02/02/2024,12:03,
79,Chicago,San Francisco,ORD,SFO,12/01/2024,10:37,12/01/2024,16:00,
80,Dallas,Miami,DFW,MIA,03/10/2023,08:39,03/10/2023,15:19,
81,Seattle,Atlanta,SEA,ATL,07/26/2024,13:55,07/26/2024,16:00,
82,Miami,Atlanta,MIA,ATL,06/26/2023,19:38,06/26/2023,20:49,
83,New York,Chicago,JFK,ORD,01/10/2023,19:26,01/10/2023,21:59,
84,Miami,Denver,MIA,DEN,12/26/2023,06:56,12/26/2023,12:59,
85,Chicago,Denver,ORD,DEN,04/08/2023,10:33,04/08/2023,14:28,
86,Atlanta,Chicago,ATL,ORD,08/22/2024,04:19,08/22/2024,05:57,
87,Dallas,New York,DFW,JFK,10/21/2024,03:50,10/21/2024,08:38,
88,Dallas,Miami,DFW,MIA,07/13/2023,23:46,07/14/2023,06:04,
89,Los Angeles,Chicago,LAX,ORD,09/10/2024,08:13,09/10/2024,11:18,
90,Atlanta,Dallas,ATL,DFW,05/15/2023,03:30,05/15/2023,05:24,
91,San Francisco,Boston,SFO,BOS,06/18/2023,00:28,06/18/2023,04:41,
92,Atlanta,New York,ATL,JFK,10/13/2024,02:04,10/13/2024,08:06,
93,Dallas,Seattle,DFW,SEA,01/06/2024,15:28,01/06/2024,22:22,
94,Chicago,Boston,ORD,BOS,01/21/2024,19:42,01/22/2024,01:04,
95,Miami,Seattle,MIA,SEA,01/01/2023,03:48,01/01/2023,06:02,
96,Chicago,New York,ORD,JFK,04/13/2024,14:25,04/13/2024,15:35,
97,Boston,Dallas,BOS,DFW,05/24/2024,19:54,05/24/2024,23:12,
98,Atlanta,Denver,ATL,DEN,10/11/2023,12:56,10/11/2023,15:43,
99,Seattle,Chicago,SEA,ORD,07/08/2024,04:11,07/08/2024,06:14,
100,New York,Boston,JFK,BOS,01/13/2023,08:35,01/13/2023,12:24,
101,Denver,New York,DEN,JFK,01/26/2024,04:16,01/26/2024,08:21,
102,New York,Atlanta,JFK,ATL,03/06/2024,00:39,03/06/2024,06:52,
103,Miami,New York,MIA,JFK,03/14/2023,18:19,03/14/2023,19:34,
104,Atlanta,Boston,ATL,BOS,02/06/2023,01:35,02/06/2023,04:01,
105,Atlanta,Seattle,ATL,SEA,04/10/2023,22:15,04/11/2023,02:12,
106,Dallas,San Francisco,DFW,SFO,07/02/2023,15:41,07/02/2023,21:51,
107,New York,Chicago,JFK,ORD,11/07/2023,08:51,11/07/2023,11:53,
108,San Francisco,Dallas,SFO,DFW,09/24/2023,10:11,09/24/2023,12:00,
109,New York,Dallas,JFK,DFW,05/05/2023,22:27,05/05/2023,23:59,
110,Seattle,Boston,SEA,BOS,02/25/2023,05:23,02/25/2023,10:34,
111,Chicago,Miami,ORD,MIA,09/25/2024,15:11,09/25/2024,19:32,
112,Denver,Miami,DEN,MIA,02/05/2023,13:22,02/05/2023,15:44,
113,San Francisco,Miami,SFO,MIA,01/10/2024,00:48,01/10/2024,05:47,
114,San Francisco,Seattle,SFO,SEA,04/13/2024,21:47,04/14/2024,02:23,
115,Miami,Dallas,MIA,DFW,03/01/2023,04:09,03/01/2023,09:33,
116,Seattle,Boston,SEA,BOS,12/09/2024,00:41,12/09/2024,05:35,
117,Chicago,Denver,ORD,DEN,01/02/2023,09:49,01/02/2023,12:41,
118,Denver,Los Angeles,DEN,LAX,02/27/2023,10:20,02/27/2023,12:55,
119,Dallas,Miami,DFW,MIA,11/07/2024,21:56,11/08/2024,03:21,
120,Seattle,Atlanta,SEA,ATL,03/18/2024,12:53,03/18/2024,15:47,
121,Atlanta,New York,ATL,JFK,02/08/2023,20:51,02/08/2023,23:34,
122,Chicago,Seattle,ORD,SEA,06/14/2024,06:07,06/14/2024,10:21,
123,San Francisco,Dallas,SFO,DFW,03/28/2023,21:43,03/29/2023,02:11,
124,Atlanta,Denver,ATL,DEN,07/09/2024,02:00,07/09/2024,05:22,
125,Los Angeles,Seattle,LAX,SEA,07/09/2024,03:27,07/09/2024,04:31,
126,New York,Chicago,JFK,ORD,03/23/2024,13:24,03/23/2024,17:03,
127,San Francisco,Atlanta,SFO,ATL,02/14/2024,22:09,02/15/2024,04:12,
128,Atlanta,Miami,ATL,MIA,01/26/2024,22:17,01/27/2024,00:43,
129,Miami,Denver,MIA,DEN,03/07/2024,03:13,03/07/2024,06:32,
130,Atlanta,Boston,ATL,BOS,10/23/2023,21:21,10/24/2023,03:38,
131,Seattle,Los Angeles,SEA,LAX,08/05/2024,06:03,08/05/2024,12:07,
132,Los Angeles,Chicago,LAX,ORD,07/06/2024,09:30,07/06/2024,12:14,
133,Miami,Boston,MIA,BOS,07/17/2024,11:49,07/17/2024,13:27,
134,Boston,Denver,BOS,DEN,10/28/2023,08:50,10/28/2023,12:44,
135,Seattle,New York,SEA,JFK,04/03/2024,06:14,04/03/2024,07:43,
136,Los Angeles,Atlanta,LAX,ATL,08/20/2023,09:08,08/20/2023,14:13,
137,Denver,Seattle,DEN,SEA,08/18/2023,07:28,08/18/2023,10:26,
138,Chicago,Seattle,ORD,SEA,04/22/2023,20:51,04/23/2023,00:48,
139,Denver,Miami,DEN,MIA,08/20/2024,02:03,08/20/2024,04:02,
140,Boston,New York,BOS,JFK,11/26/2024,07:20,11/26/2024,09:34,
141,Chicago,Seattle,ORD,SEA,08/16/2024,23:11,08/17/2024,01:17,
142,Miami,Dallas,MIA,DFW,02/12/2024,00:40,02/12/2024,02:37,
143,New York,Denver,JFK,DEN,02/19/2024,03:17,02/19/2024,10:11,
144,Atlanta,Los Angeles,ATL,LAX,07/09/2024,06:43,07/09/2024,08:24,
145,Dallas,Boston,DFW,BOS,04/15/2024,19:22,04/15/2024,23:36,
146,Dallas,San Francisco,DFW,SFO,03/28/2023,03:18,03/28/2023,05:26,
147,Seattle,Los Angeles,SEA,LAX,10/19/2023,02:19,10/19/2023,03:38,
148,Seattle,San Francisco,SEA,SFO,07/19/2024,08:42,07/19/2024,13:29,
149,Seattle,Dallas,SEA,DFW,09/24/2023,23:42,09/25/2023,02:40,
150,Chicago,Seattle,ORD,SEA,03/04/2023,15:16,03/04/2023,20:01,
151,Denver,Chicago,DEN,ORD,01/27/2023,17:09,01/27/2023,20:05,
152,Miami,Chicago,MIA,ORD,03/22/2023,20:14,03/23/2023,01:16,
153,Chicago,Seattle,ORD,SEA,08/27/2023,05:55,08/27/2023,12:50,
154,Miami,Chicago,MIA,ORD,12/12/2024,18:18,12/13/2024,00:43,
155,New York,Boston,JFK,BOS,09/11/2024,18:56,09/11/2024,22:51,
156,New York,Seattle,JFK,SEA,01/10/2023,22:49,01/11/2023,01:54,
157,Dallas,Seattle,DFW,SEA,11/01/2024,04:42,11/01/2024,10:46,
158,Boston,Dallas,BOS,DFW,03/18/2024,09:44,03/18/2024,14:19,
159,Dallas,San Francisco,DFW,SFO,09/15/2023,11:32,09/15/2023,16:09,
160,Miami,New York,MIA,JFK,02/10/2024,17:49,02/10/2024,21:12,
161,Denver,Seattle,DEN,SEA,04/23/2024,00:08,04/23/2024,04:58,
162,Seattle,Chicago,SEA,ORD,06/12/2023,13:50,06/12/2023,19:33,
163,San Francisco,Denver,SFO,DEN,10/17/2024,16:44,10/17/2024,22:03,
164,Chicago,Los Angeles,ORD,LAX,02/19/2024,15:49,02/19/2024,21:54,
165,Atlanta,Chicago,ATL,ORD,05/04/2023,00:51,05/04/2023,02:56,
166,Boston,Dallas,BOS,DFW,01/11/2023,03:53,01/11/2023,09:36,
167,Dallas,Denver,DFW,DEN,05/16/2024,05:02,05/16/2024,09:05,
168,Boston,Denver,BOS,DEN,12/13/2024,03:07,12/13/2024,08:29,
169,Los Angeles,Boston,LAX,BOS,06/21/2023,05:08,06/21/2023,11:08,
170,San Francisco,Atlanta,SFO,ATL,04/05/2024,10:30,04/05/2024,16:32,
171,San Francisco,Dallas,SFO,DFW,03/17/2023,04:51,03/17/2023,09:28,
172,Miami,Boston,MIA,BOS,12/04/2023,19:49,12/05/2023,01:40,
173,New York,Atlanta,JFK,ATL,10/07/2024,07:10,10/07/2024,11:12,
174,Dallas,Denver,DFW,DEN,04/20/2023,12:21,04/20/2023,15:47,
175,San Francisco,New York,SFO,JFK,12/11/2024,03:18,12/11/2024,04:26,
176,Los Angeles,Miami,LAX,MIA,03/02/2024,10:08,03/02/2024,11:28,
177,Denver,Chicago,DEN,ORD,08/24/2023,02:27,08/24/2023,04:35,
178,Seattle,Los Angeles,SEA,LAX,07/28/2024,19:55,07/29/2024,02:48,
179,Atlanta,San Francisco,ATL,SFO,12/04/2023,18:46,12/05/2023,01:19,
180,Dallas,San Francisco,DFW,SFO,02/27/2023,01:54,02/27/2023,08:07,
181,Atlanta,Denver,ATL,DEN,02/27/2024,07:59,02/27/2024,13:14,
182,San Francisco,Boston,SFO,BOS,09/10/2023,11:53,09/10/2023,16:17,
183,Seattle,Chicago,SEA,ORD,11/28/2023,12:46,11/28/2023,15:43,
184,Chicago,Los Angeles,ORD,LAX,09/26/2023,19:38,09/27/2023,02:01,
185,Dallas,Miami,DFW,MIA,05/11/2024,00:08,05/11/2024,04:58,
186,Miami,Atlanta,MIA,ATL,11/01/2024,12:02,11/01/2024,13:39,
187,Chicago,Dallas,ORD,DFW,06/24/2024,16:01,06/24/2024,17:22,
188,Dallas,San Francisco,DFW,SFO,05/09/2024,08:11,05/09/2024,10:13,
189,New York,Boston,JFK,BOS,08/15/2024,13:56,08/15/2024,15:12,
190,Boston,Seattle,BOS,SEA,07/22/2024,15:21,07/22/2024,20:53,
191,Atlanta,Boston,ATL,BOS,11/26/2023,20:24,11/27/2023,03:02,
192,San Francisco,Atlanta,SFO,ATL,07/17/2024,02:11,07/17/2024,03:24,
193,Boston,Denver,BOS,DEN,09/14/2024,03:04,09/14/2024,07:50,
194,Chicago,Denver,ORD,DEN,12/26/2024,07:45,12/26/2024,10:01,
195,Chicago,Atlanta,ORD,ATL,12/04/2024,08:41,12/04/2024,14:24,
196,Atlanta,Denver,ATL,DEN,01/20/2023,14:50,01/20/2023,18:33,
197,Seattle,Dallas,SEA,DFW,04/01/2024,05:15,04/01/2024,08:40,
198,Miami,Boston,MIA,BOS,06/23/2024,21:48,06/24/2024,00:09,
199,Seattle,Los Angeles,SEA,LAX,03/03/2023,09:29,03/03/2023,13:23,
200,New York,Chicago,JFK,ORD,05/12/2024,11:11,05/12/2024,17:43,
201,Seattle,San Francisco,SEA,SFO,11/24/2023,19:56,11/24/2023,21:25,
202,Boston,New York,BOS,JFK,06/24/2024,10:42,06/24/2024,13:28,
203,Boston,San Francisco,BOS,SFO,11/14/2023,02:39,11/14/2023,07:43,
204,Los Angeles,Dallas,LAX,DFW,05/27/2024,17:03,05/27/2024,20:39,
205,Atlanta,Seattle,ATL,SEA,07/21/2023,13:20,07/21/2023,15:08,
206,San Francisco,Chicago,SFO,ORD,02/19/2024,20:21,02/20/2024,02:11,
207,Los Angeles,Seattle,LAX,SEA,07/18/2024,22:31,07/19/2024,01:15,
208,San Francisco,New York,SFO,JFK,12/16/2023,13:00,12/16/2023,16:05,
209,Miami,Boston,MIA,BOS,04/15/2023,10:23,04/15/2023,15:03,
210,Seattle,San Francisco,SEA,SFO,06/19/2024,05:01,06/19/2024,06:16,
211,Boston,Denver,BOS,DEN,05/15/2023,15:09,05/15/2023,21:18,
212,Denver,Atlanta,DEN,ATL,06/07/2023,13:37,06/07/2023,17:20,
213,New York,Boston,JFK,BOS,12/06/2023,23:00,12/07/2023,00:01,
214,Dallas,Miami,DFW,MIA,12/23/2024,09:41,12/23/2024,14:00,
215,San Francisco,New York,SFO,JFK,02/14/2023,20:16,02/15/2023,02:28,
216,Chicago,San Francisco,ORD,SFO,02/21/2024,19:37,02/22/2024,01:56,
217,Atlanta,San Francisco,ATL,SFO,12/18/2024,05:25,12/18/2024,09:20,
218,Los Angeles,San Francisco,LAX,SFO,01/14/2024,16:42,01/14/2024,20:25,
219,Denver,Dallas,DEN,DFW,10/23/2024,20:10,10/24/2024,02:33,
220,Denver,New York,DEN,JFK,03/01/2024,12:13,03/01/2024,17:10,
221,Denver,Miami,DEN,MIA,07/08/2023,02:59,07/08/2023,05:21,
222,Dallas,Boston,DFW,BOS,03/05/2024,19:06,03/05/2024,22:37,
223,Dallas,Atlanta,DFW,ATL,06/01/2024,01:01,06/01/2024,04:24,
224,Los Angeles,Boston,LAX,BOS,12/11/2023,05:10,12/11/2023,11:32,
225,Los Angeles,San Francisco,LAX,SFO,03/08/2023,03:11,03/08/2023,09:05,
226,Denver,Boston,DEN,BOS,11/13/2023,11:52,11/13/2023,16:13,
227,Los Angeles,San Francisco,LAX,SFO,03/27/2023,11:54,03/27/2023,14:57,
228,Dallas,Seattle,DFW,SEA,03/17/2023,21:25,03/17/2023,23:41,
229,Seattle,Boston,SEA,BOS,02/15/2024,21:12,02/16/2024,01:16,
230,Atlanta,Boston,ATL,BOS,08/06/2023,20:33,08/07/2023,01:18,
231,Dallas,Denver,DFW,DEN,01/06/2023,10:39,01/06/2023,13:42,
232,Dallas,Chicago,DFW,ORD,09/01/2023,13:04,09/01/2023,17:15,
233,Denver,Chicago,DEN,ORD,07/08/2024,02:46,07/08/2024,09:45,
234,San Francisco,Atlanta,SFO,ATL,06/19/2024,00:23,06/19/2024,02:09,
235,San Francisco,New York,SFO,JFK,08/24/2023,05:54,08/24/2023,11:37,
236,New York,San Francisco,JFK,SFO,12/06/2023,10:12,12/06/2023,11:29,
237,New York,Denver,JFK,DEN,12/03/2024,08:55,12/03/2024,10:42,
238,Los Angeles,Dallas,LAX,DFW,12/03/2023,04:12,12/03/2023,07:50,
239,San Francisco,Seattle,SFO,SEA,03/28/2023,13:38,03/28/2023,19:08,
240,Chicago,Dallas,ORD,DFW,09/21/2023,13:08,09/21/2023,14:37,
241,Miami,Denver,MIA,DEN,06/09/2023,10:57,06/09/2023,13:29,
242,Atlanta,Denver,ATL,DEN,03/18/2023,01:08,03/18/2023,02:19,
243,Dallas,Denver,DFW,DEN,06/20/2023,19:15,06/21/2023,00:59,
244,Miami,Atlanta,MIA,ATL,05/24/2024,10:27,05/24/2024,12:49,
245,Seattle,Atlanta,SEA,ATL,05/26/2024,19:17,05/26/2024,22:37,
246,Denver,Los Angeles,DEN,LAX,07/23/2024,05:20,07/23/2024,07:15,
247,San Francisco,Los Angeles,SFO,LAX,09/10/2023,03:07,09/10/2023,09:22,
248,Atlanta,Chicago,ATL,ORD,03/28/2024,06:06,03/28/2024,12:31,
249,Denver,Miami,DEN,MIA,06/16/2023,22:26,06/16/2023,23:58,
250,Dallas,Atlanta,DFW,ATL,01/23/2024,10:05,01/23/2024,11:20,
251,Atlanta,Seattle,ATL,SEA,02/28/2023,02:19,02/28/2023,05:33,
252,Denver,Miami,DEN,MIA,11/12/2024,14:16,11/12/2024,15:31,
253,San Francisco,Denver,SFO,DEN,07/24/2023,07:55,07/24/2023,10:07,
254,Seattle,Los Angeles,SEA,LAX,06/05/2023,06:10,06/05/2023,10:48,
255,Dallas,Miami,DFW,MIA,01/17/2023,07:23,01/17/2023,08:39,
256,Los Angeles,San Francisco,LAX,SFO,05/28/2023,07:26,05/28/2023,09:29,
257,Los Angeles,Atlanta,LAX,ATL,08/14/2023,13:25,08/14/2023,20:22,
258,Atlanta,Dallas,ATL,DFW,11/24/2023,17:52,11/24/2023,20:02,
259,Miami,New York,MIA,JFK,12/28/2023,03:22,12/28/2023,07:30,
260,Chicago,Denver,ORD,DEN,09/11/2024,09:57,09/11/2024,11:07,
261,Boston,Atlanta,BOS,ATL,06/14/2023,11:43,06/14/2023,16:30,
262,Seattle,Los Angeles,SEA,LAX,06/03/2024,09:40,06/03/2024,14:50,
263,Boston,Miami,BOS,MIA,11/15/2024,03:41,11/15/2024,09:58,
264,San Francisco,Chicago,SFO,ORD,02/05/2023,11:02,02/05/2023,12:12,
265,Boston,Chicago,BOS,ORD,04/23/2024,05:42,04/23/2024,10:55,
266,San Francisco,Miami,SFO,MIA,02/21/2023,09:31,02/21/2023,12:49,
267,San Francisco,Denver,SFO,DEN,06/18/2023,11:03,06/18/2023,16:42,
268,Atlanta,Seattle,ATL,SEA,11/23/2023,06:09,11/23/2023,10:36,
269,Los Angeles,San Francisco,LAX,SFO,08/09/2024,03:23,08/09/2024,09:31,
270,Miami,New York,MIA,JFK,06/24/2023,00:47,06/24/2023,07:04,
271,Denver,Atlanta,DEN,ATL,11/28/2023,16:44,11/28/2023,21:10,
272,Dallas,Seattle,DFW,SEA,06/04/2023,12:21,06/04/2023,14:59,
273,San Francisco,Denver,SFO,DEN,03/22/2024,02:17,03/22/2024,08:16,
274,Miami,San Francisco,MIA,SFO,09/14/2024,03:09,09/14/2024,09:54,
275,Boston,New York,BOS,JFK,06/08/2023,15:08,06/08/2023,20:31,
276,San Francisco,Seattle,SFO,SEA,02/26/2024,18:05,02/26/2024,19:41,
277,Boston,Atlanta,BOS,ATL,11/23/2024,20:17,11/23/2024,22:57,
278,Seattle,New York,SEA,JFK,07/16/2024,19:22,07/16/2024,21:17,
279,Seattle,Dallas,SEA,DFW,07/10/2024,08:36,07/10/2024,10:37,
280,Seattle,Boston,SEA,BOS,02/01/2023,19:42,02/01/2023,23:40,
281,Boston,Seattle,BOS,SEA,03/02/2024,03:59,03/02/2024,10:05,
282,Denver,San Francisco,DEN,SFO,01/17/2024,09:05,01/17/2024,15:26,
283,San Francisco,Seattle,SFO,SEA,07/06/2023,04:31,07/06/2023,05:39,
284,Seattle,Miami,SEA,MIA,03/04/2024,13:56,03/04/2024,20:22,
285,Chicago,Seattle,ORD,SEA,01/16/2023,13:31,01/16/2023,17:54,
286,Seattle,Atlanta,SEA,ATL,08/04/2024,09:21,08/04/2024,12:43,
287,Los Angeles,New York,LAX,JFK,04/11/2024,12:54,04/11/2024,18:38,
288,Chicago,San Francisco,ORD,SFO,10/13/2023,06:34,10/13/2023,12:45,
289,Atlanta,Denver,ATL,DEN,04/25/2024,19:45,04/26/2024,01:48,
290,Chicago,Denver,ORD,DEN,08/09/2024,12:23,08/09/2024,15:10,
291,New York,San Francisco,JFK,SFO,04/22/2024,01:41,04/22/2024,07:54,
292,Miami,Boston,MIA,BOS,03/15/2023,09:47,03/15/2023,13:35,
293,San Francisco,Boston,SFO,BOS,02/22/2024,20:18,02/22/2024,23:41,
294,Denver,Boston,DEN,BOS,08/16/2024,21:56,08/17/2024,01:02,
295,Seattle,San Francisco,SEA,SFO,07/04/2024,14:38,07/04/2024,18:30,
296,Denver,Atlanta,DEN,ATL,03/15/2024,23:39,03/16/2024,01:55,
297,Boston,Chicago,BOS,ORD,04/16/2023,20:09,04/17/2023,01:04,
298,Denver,Atlanta,DEN,ATL,05/22/2024,07:17,05/22/2024,09:42,
299,Chicago,Miami,ORD,MIA,04/16/2024,05:06,04/16/2024,10:40,
300,Seattle,Atlanta,SEA,ATL,07/01/2024,08:14,07/01/2024,12:46,
301,Boston,Chicago,BOS,ORD,12/04/2023,11:02,12/04/2023,12:12,
302,Los Angeles,New York,LAX,JFK,10/25/2023,16:34,10/25/2023,22:11,
303,Denver,Dallas,DEN,DFW,08/21/2023,12:05,08/21/2023,16:50,
304,Seattle,Dallas,SEA,DFW,03/04/2024,17:06,03/04/2024,20:15,
305,Seattle,Chicago,SEA,ORD,03/05/2024,01:47,03/05/2024,05:07,
306,Chicago,Miami,ORD,MIA,07/06/2023,21:58,07/06/2023,23:34,
307,San Francisco,Boston,SFO,BOS,08/22/2024,11:38,08/22/2024,17:31,
308,New York,Los Angeles,JFK,LAX,01/09/2023,11:16,01/09/2023,16:15,
309,Chicago,Miami,ORD,MIA,04/10/2023,16:15,04/10/2023,18:42,
310,New York,Chicago,JFK,ORD,09/05/2024,10:36,09/05/2024,12:20,
311,Miami,Los Angeles,MIA,LAX,05/17/2024,19:08,05/17/2024,22:09,
312,Atlanta,Chicago,ATL,ORD,08/17/2023,12:47,08/17/2023,15:32,
313,Los Angeles,Boston,LAX,BOS,09/22/2024,11:01,09/22/2024,15:56,
314,New York,Seattle,JFK,SEA,02/22/2024,13:59,02/22/2024,16:33,
315,Seattle,Dallas,SEA,DFW,10/20/2023,18:36,10/20/2023,21:57,
316,Miami,Seattle,MIA,SEA,04/07/2023,14:30,04/07/2023,17:59,
317,Chicago,Los Angeles,ORD,LAX,02/14/2024,23:12,02/15/2024,00:39,
318,Boston,New York,BOS,JFK,05/27/2024,20:19,05/27/2024,23:14,
319,Denver,Los Angeles,DEN,LAX,06/11/2023,15:48,06/11/2023,19:59,
320,Boston,Seattle,BOS,SEA,03/21/2023,20:32,03/21/2023,23:09,
321,Chicago,San Francisco,ORD,SFO,06/21/2023,22:45,06/22/2023,04:02,
322,Los Angeles,Seattle,LAX,SEA,06/12/2024,06:57,06/12/2024,10:39,
323,New York,Atlanta,JFK,ATL,09/20/2024,00:46,09/20/2024,07:06,
324,Dallas,Chicago,DFW,ORD,03/18/2024,20:03,03/19/2024,00:07,
325,San Francisco,Los Angeles,SFO,LAX,06/23/2024,22:40,06/24/2024,02:19,
326,San Francisco,New York,SFO,JFK,10/01/2023,00:20,10/01/2023,05:55,
327,San Francisco,Miami,SFO,MIA,09/13/2024,15:37,09/13/2024,17:04,
328,Atlanta,Seattle,ATL,SEA,10/19/2023,02:41,10/19/2023,07:09,
329,Boston,San Francisco,BOS,SFO,07/28/2023,14:26,07/28/2023,19:00,
330,Miami,Seattle,MIA,SEA,03/28/2023,19:08,03/28/2023,21:19,
331,Seattle,San Francisco,SEA,SFO,12/22/2024,04:29,12/22/2024,10:27,
332,Chicago,Denver,ORD,DEN,12/05/2023,06:16,12/05/2023,11:27,
333,New York,San Francisco,JFK,SFO,12/17/2024,08:54,12/17/2024,10:27,
334,Los Angeles,Boston,LAX,BOS,10/20/2024,17:58,10/20/2024,23:31,
335,Seattle,Denver,SEA,DEN,09/25/2023,00:43,09/25/2023,07:39,
336,Denver,Boston,DEN,BOS,09/15/2024,09:00,09/15/2024,15:48,
337,Boston,Los Angeles,BOS,LAX,05/13/2023,22:54,05/14/2023,05:26,
338,Dallas,Chicago,DFW,ORD,08/28/2023,12:41,08/28/2023,17:08,
339,Chicago,Los Angeles,ORD,LAX,02/06/2023,07:42,02/06/2023,09:50,
340,Dallas,San Francisco,DFW,SFO,11/14/2023,01:24,11/14/2023,08:20,
341,Dallas,San Francisco,DFW,SFO,04/02/2024,09:59,04/02/2024,15:27,
342,Los Angeles,Dallas,LAX,DFW,05/14/2024,13:06,05/14/2024,19:17,
343,Miami,Los Angeles,MIA,LAX,05/17/2023,06:35,05/17/2023,12:34,
344,Seattle,Los Angeles,SEA,LAX,09/05/2023,21:26,09/06/2023,03:02,
345,Chicago,Seattle,ORD,SEA,02/22/2023,19:34,02/23/2023,00:12,
346,Atlanta,Los Angeles,ATL,LAX,05/16/2023,03:43,05/16/2023,08:52,
347,Miami,Atlanta,MIA,ATL,05/18/2024,14:03,05/18/2024,18:07,
348,Chicago,Los Angeles,ORD,LAX,07/22/2023,17:05,07/22/2023,18:51,
349,San Francisco,Denver,SFO,DEN,03/20/2023,08:39,03/20/2023,11:45,
350,Atlanta,Los Angeles,ATL,LAX,09/01/2024,02:22,09/01/2024,07:05,
351,Chicago,San Francisco,ORD,SFO,06/09/2024,08:03,06/09/2024,09:42,
352,Seattle,San Francisco,SEA,SFO,05/27/2023,17:55,05/27/2023,21:53,
353,Dallas,San Francisco,DFW,SFO,07/11/2024,18:40,07/11/2024,21:49,
354,Seattle,Boston,SEA,BOS,08/15/2024,05:06,08/15/2024,07:56,
355,Atlanta,Los Angeles,ATL,LAX,02/26/2024,01:39,02/26/2024,02:56,
356,Seattle,Atlanta,SEA,ATL,09/16/2023,06:11,09/16/2023,10:21,
357,Atlanta,Los Angeles,ATL,LAX,09/17/2024,05:01,09/17/2024,06:24,
358,Miami,Dallas,MIA,DFW,12/11/2023,04:07,12/11/2023,07:27,
359,New York,San Francisco,JFK,SFO,12/09/2024,23:30,12/10/2024,05:51,
360,Los Angeles,New York,LAX,JFK,08/22/2023,16:59,08/22/2023,23:07,
361,New York,Dallas,JFK,DFW,09/16/2024,19:29,09/16/2024,20:49,
362,Atlanta,Seattle,ATL,SEA,09/05/2023,05:52,09/05/2023,08:25,
363,Atlanta,Seattle,ATL,SEA,05/11/2023,11:42,05/11/2023,15:21,
364,Miami,San Francisco,MIA,SFO,03/10/2023,09:35,03/10/2023,15:53,
365,Boston,Los Angeles,BOS,LAX,12/05/2023,18:28,12/05/2023,21:04,
366,San Francisco,Los Angeles,SFO,LAX,10/23/2023,01:00,10/23/2023,02:24,
367,Dallas,Boston,DFW,BOS,07/28/2024,10:04,07/28/2024,11:43,
368,Los Angeles,Miami,LAX,MIA,04/05/2024,00:47,04/05/2024,06:31,
369,New York,Atlanta,JFK,ATL,02/18/2024,13:18,02/18/2024,17:21,
370,San Francisco,Seattle,SFO,SEA,12/18/2023,23:58,12/19/2023,05:53,
371,Seattle,Atlanta,SEA,ATL,07/24/2024,16:58,07/24/2024,20:46,
372,Chicago,Atlanta,ORD,ATL,04/22/2023,02:29,04/22/2023,06:38,
373,Denver,New York,DEN,JFK,10/01/2023,17:10,10/01/2023,23:36,
374,Seattle,Boston,SEA,BOS,05/13/2023,13:47,05/13/2023,19:41,
375,San Francisco,Dallas,SFO,DFW,06/03/2023,11:20,06/03/2023,17:24,
376,Miami,Denver,MIA,DEN,02/03/2023,02:45,02/03/2023,04:45,
377,San Francisco,Chicago,SFO,ORD,02/15/2024,14:58,02/15/2024,20:16,
378,Miami,San Francisco,MIA,SFO,10/21/2024,18:07,10/21/2024,19:56,
379,Chicago,San Francisco,ORD,SFO,08/10/2023,15:31,08/10/2023,20:38,
380,New York,Dallas,JFK,DFW,12/20/2023,11:43,12/20/2023,14:50,
381,Los Angeles,Miami,LAX,MIA,01/22/2024,23:01,01/23/2024,04:47,
382,Denver,Boston,DEN,BOS,08/03/2023,21:43,08/04/2023,04:31,
383,Dallas,Miami,DFW,MIA,01/13/2023,02:21,01/13/2023,08:42,
384,Chicago,Denver,ORD,DEN,07/10/2023,19:20,07/11/2023,00:18,
385,Seattle,New York,SEA,JFK,07/22/2023,00:49,07/22/2023,03:41,
386,Dallas,Los Angeles,DFW,LAX,11/11/2024,17:26,11/11/2024,19:32,
387,Miami,Chicago,MIA,ORD,08/25/2023,22:40,08/26/2023,05:04,
388,Chicago,Los Angeles,ORD,LAX,01/11/2023,11:35,01/11/2023,14:28,
389,New York,Boston,JFK,BOS,10/24/2024,00:04,10/24/2024,04:18,
390,Dallas,Seattle,DFW,SEA,07/16/2024,02:13,07/16/2024,06:52,
391,Chicago,Boston,ORD,BOS,01/04/2024,16:23,01/04/2024,18:19,
392,Chicago,Denver,ORD,DEN,09/09/2023,01:43,09/09/2023,07:49,
393,Atlanta,San Francisco,ATL,SFO,10/08/2023,20:02,10/09/2023,02:34,
394,New York,Seattle,JFK,SEA,10/15/2024,00:59,10/15/2024,04:58,
395,Los Angeles,New York,LAX,JFK,12/09/2023,12:07,12/09/2023,13:32,
396,New York,San Francisco,JFK,SFO,08/15/2024,15:33,08/15/2024,17:19,
397,Denver,Atlanta,DEN,ATL,05/28/2024,10:12,05/28/2024,13:13,
398,Chicago,Denver,ORD,DEN,02/26/2023,17:33,02/26/2023,21:55,
399,Chicago,New York,ORD,JFK,08/09/2024,06:48,08/09/2024,11:53,
400,Los Angeles,Atlanta,LAX,ATL,04/19/2024,05:19,04/19/2024,11:02,
401,Boston,Los Angeles,BOS,LAX,05/24/2024,05:04,05/24/2024,07:17,
402,Atlanta,Seattle,ATL,SEA,12/08/2023,15:34,12/08/2023,21:40,
403,Atlanta,Seattle,ATL,SEA,07/21/2024,14:27,07/21/2024,15:59,
404,Atlanta,Dallas,ATL,DFW,03/19/2024,17:44,03/19/2024,20:16,
405,Miami,Denver,MIA,DEN,01/12/2024,19:26,01/12/2024,21:05,
406,New York,Los Angeles,JFK,LAX,06/11/2023,19:43,06/12/2023,01:28,
407,Los Angeles,New York,LAX,JFK,02/17/2024,12:06,02/17/2024,17:50,
408,Los Angeles,Seattle,LAX,SEA,07/28/2023,15:01,07/28/2023,18:57,
409,Miami,New York,MIA,JFK,07/24/2023,17:43,07/24/2023,20:07,
410,San Francisco,Atlanta,SFO,ATL,01/08/2024,13:16,01/08/2024,18:41,
411,New York,Chicago,JFK,ORD,04/08/2024,03:18,04/08/2024,09:10,
412,Dallas,Atlanta,DFW,ATL,05/12/2023,18:11,05/12/2023,20:16,
413,New York,Denver,JFK,DEN,02/21/2023,02:53,02/21/2023,08:18,
414,Denver,Atlanta,DEN,ATL,11/19/2023,03:58,11/19/2023,10:23,
415,Los Angeles,Seattle,LAX,SEA,01/19/2024,10:12,01/19/2024,14:22,
416,Boston,New York,BOS,JFK,01/06/2023,15:10,01/06/2023,17:08,
417,Dallas,Boston,DFW,BOS,04/21/2024,14:17,04/21/2024,18:33,
418,Seattle,Boston,SEA,BOS,01/08/2023,00:11,01/08/2023,02:42,
419,Miami,New York,MIA,JFK,01/17/2023,21:58,01/17/2023,23:45,
420,Los Angeles,Boston,LAX,BOS,01/21/2024,14:08,01/21/2024,17:50,
421,San Francisco,New York,SFO,JFK,02/18/2023,23:21,02/19/2023,03:53,
422,Denver,Dallas,DEN,DFW,01/23/2023,17:25,01/23/2023,18:42,
423,New York,Chicago,JFK,ORD,07/17/2023,09:23,07/17/2023,15:17,
424,Chicago,Dallas,ORD,DFW,08/14/2024,07:21,08/14/2024,10:04,
425,Dallas,Boston,DFW,BOS,06/16/2024,12:50,06/16/2024,16:50,
426,Denver,Boston,DEN,BOS,07/16/2024,12:44,07/16/2024,14:22,
427,Los Angeles,Boston,LAX,BOS,11/11/2023,07:08,11/11/2023,10:02,
428,Dallas,Los Angeles,DFW,LAX,10/09/2024,02:37,10/09/2024,08:16,
429,Boston,New York,BOS,JFK,11/12/2024,03:01,11/12/2024,09:38,
430,New York,Chicago,JFK,ORD,04/11/2023,14:54,04/11/2023,18:38,
431,Miami,Chicago,MIA,ORD,01/20/2024,16:38,01/20/2024,22:08,
432,San Francisco,Dallas,SFO,DFW,06/15/2023,03:59,06/15/2023,10:20,
433,Atlanta,Seattle,ATL,SEA,09/03/2024,00:32,09/03/2024,01:57,
434,Seattle,Chicago,SEA,ORD,04/20/2024,10:18,04/20/2024,12:07,
435,Dallas,Miami,DFW,MIA,07/05/2023,02:21,07/05/2023,06:19,
436,New York,Los Angeles,JFK,LAX,01/03/2024,16:19,01/03/2024,19:10,
437,Dallas,Miami,DFW,MIA,12/10/2023,00:49,12/10/2023,07:03,
438,Miami,San Francisco,MIA,SFO,08/02/2023,12:24,08/02/2023,16:56,
439,Seattle,Dallas,SEA,DFW,01/25/2023,16:15,01/25/2023,20:27,
440,Atlanta,Seattle,ATL,SEA,01/25/2023,01:21,01/25/2023,06:11,
441,Boston,New York,BOS,JFK,08/01/2023,19:48,08/02/2023,00:52,
442,New York,Dallas,JFK,DFW,06/02/2024,15:52,06/02/2024,20:51,
443,Seattle,San Francisco,SEA,SFO,10/05/2023,12:18,10/05/2023,15:55,
444,Denver,Atlanta,DEN,ATL,07/12/2024,04:11,07/12/2024,09:01,
445,Boston,Seattle,BOS,SEA,03/12/2024,07:09,03/12/2024,10:31,
446,New York,Denver,JFK,DEN,07/11/2023,10:10,07/11/2023,16:12,
447,Los Angeles,Miami,LAX,MIA,02/19/2024,21:23,02/19/2024,22:24,
448,Los Angeles,Dallas,LAX,DFW,07/22/2023,02:20,07/22/2023,06:59,
449,Boston,Seattle,BOS,SEA,05/23/2023,12:40,05/23/2023,18:48,
450,Atlanta,Denver,ATL,DEN,02/05/2023,19:19,02/05/2023,21:15,
451,Chicago,Denver,ORD,DEN,08/11/2023,04:05,08/11/2023,08:33,
452,Chicago,Miami,ORD,MIA,07/01/2023,20:48,07/02/2023,00:25,
453,San Francisco,Boston,SFO,BOS,10/25/2023,06:25,10/25/2023,10:36,
454,Dallas,Atlanta,DFW,ATL,03/03/2023,22:25,03/04/2023,04:43,
455,Boston,San Francisco,BOS,SFO,10/01/2024,03:24,10/01/2024,05:52,
456,San Francisco,Atlanta,SFO,ATL,04/27/2023,15:42,04/27/2023,21:15,
457,Seattle,Chicago,SEA,ORD,01/06/2024,19:54,01/06/2024,22:45,
458,New York,Denver,JFK,DEN,03/24/2024,15:10,03/24/2024,18:25,
459,Atlanta,Boston,ATL,BOS,11/20/2023,09:40,11/20/2023,12:06,
460,San Francisco,Chicago,SFO,ORD,06/08/2024,16:09,06/08/2024,22:35,
461,Boston,Seattle,BOS,SEA,08/11/2024,19:36,08/12/2024,01:08,
462,Atlanta,Denver,ATL,DEN,10/15/2024,12:26,10/15/2024,18:09,
463,Denver,New York,DEN,JFK,04/12/2024,20:56,04/13/2024,02:46,
464,Chicago,Denver,ORD,DEN,02/15/2023,15:38,02/15/2023,21:32,
465,Boston,Miami,BOS,MIA,01/04/2023,00:52,01/04/2023,04:08,
466,Miami,Boston,MIA,BOS,07/11/2023,10:02,07/11/2023,12:59,
467,Atlanta,Dallas,ATL,DFW,04/17/2023,13:34,04/17/2023,16:29,
468,New York,Miami,JFK,MIA,01/20/2023,17:30,01/20/2023,20:09,
469,Seattle,New York,SEA,JFK,06/08/2023,01:18,06/08/2023,08:14,
470,San Francisco,Chicago,SFO,ORD,10/06/2023,02:47,10/06/2023,09:20,
471,Denver,San Francisco,DEN,SFO,10/16/2023,22:47,10/17/2023,01:49,
472,Seattle,Los Angeles,SEA,LAX,02/15/2024,02:58,02/15/2024,04:22,
473,Atlanta,Seattle,ATL,SEA,07/27/2023,19:57,07/28/2023,01:05,
474,Atlanta,New York,ATL,JFK,01/08/2024,08:50,01/08/2024,12:33,
475,Los Angeles,San Francisco,LAX,SFO,08/19/2023,14:38,08/19/2023,19:09,
476,Boston,Miami,BOS,MIA,02/13/2023,00:22,02/13/2023,01:48,
477,Los Angeles,Seattle,LAX,SEA,01/07/2023,04:25,01/07/2023,10:26,
478,San Francisco,Miami,SFO,MIA,08/26/2023,16:01,08/26/2023,17:38,
479,Seattle,New York,SEA,JFK,03/14/2024,07:10,03/14/2024,11:45,
480,Atlanta,San Francisco,ATL,SFO,10/27/2024,15:41,10/27/2024,17:46,
481,New York,Boston,JFK,BOS,02/02/2024,15:51,02/02/2024,18:01,
482,Denver,Dallas,DEN,DFW,05/08/2023,19:32,05/08/2023,22:01,
483,Chicago,Seattle,ORD,SEA,04/23/2024,06:24,04/23/2024,08:32,
484,Los Angeles,Boston,LAX,BOS,05/14/2024,05:12,05/14/2024,11:49,
485,Seattle,Los Angeles,SEA,LAX,02/08/2023,13:51,02/08/2023,19:11,
486,San Francisco,Miami,SFO,MIA,05/03/2023,06:02,05/03/2023,12:05,
487,Denver,Seattle,DEN,SEA,06/07/2024,01:59,06/07/2024,06:11,
488,Los Angeles,Miami,LAX,MIA,01/21/2024,21:10,01/22/2024,01:55,
489,Los Angeles,Seattle,LAX,SEA,04/13/2024,22:32,04/14/2024,03:15,
490,Miami,Dallas,MIA,DFW,09/15/2024,01:44,09/15/2024,04:59,
491,Seattle,Los Angeles,SEA,LAX,08/28/2024,15:44,08/28/2024,22:01,
492,Seattle,Denver,SEA,DEN,07/06/2024,11:44,07/06/2024,17:24,
493,San Francisco,Miami,SFO,MIA,08/13/2023,08:55,08/13/2023,13:46,
494,Miami,Chicago,MIA,ORD,02/06/2023,15:09,02/06/2023,20:08,
495,San Francisco,Seattle,SFO,SEA,11/19/2023,06:18,11/19/2023,11:16,
496,Miami,Los Angeles,MIA,LAX,07/05/2023,19:18,07/06/2023,01:00,
497,Boston,San Francisco,BOS,SFO,01/17/2024,20:04,01/17/2024,21:08,
498,Miami,Seattle,MIA,SEA,01/17/2024,10:41,01/17/2024,17:21,
499,New York,Dallas,JFK,DFW,12/13/2023,07:52,12/13/2023,14:18,
500,Los Angeles,Dallas,LAX,DFW,09/17/2024,03:49,09/17/2024,08:27,
501,San Francisco,Boston,SFO,BOS,11/25/2024,18:59,11/26/2024,00:06,
502,Denver,Chicago,DEN,ORD,02/22/2023,17:41,02/22/2023,23:47,
503,Los Angeles,Boston,LAX,BOS,12/07/2024,06:32,12/07/2024,13:06,
504,Miami,Chicago,MIA,ORD,06/24/2024,02:44,06/24/2024,08:07,
505,Boston,Los Angeles,BOS,LAX,04/26/2023,14:26,04/26/2023,16:09,
506,Los Angeles,Seattle,LAX,SEA,12/24/2023,10:31,12/24/2023,15:02,
507,Atlanta,Seattle,ATL,SEA,02/21/2023,19:26,02/22/2023,01:26,
508,Boston,Seattle,BOS,SEA,05/06/2023,00:44,05/06/2023,01:57,
509,Seattle,Atlanta,SEA,ATL,05/25/2023,06:36,05/25/2023,12:03,
510,Los Angeles,Dallas,LAX,DFW,05/11/2023,14:39,05/11/2023,18:09,
511,Miami,Chicago,MIA,ORD,09/14/2023,09:23,09/14/2023,15:03,
512,New York,San Francisco,JFK,SFO,05/18/2023,21:08,05/19/2023,03:41,
513,New York,San Francisco,JFK,SFO,09/15/2023,13:01,09/15/2023,19:20,
514,Los Angeles,Miami,LAX,MIA,12/13/2024,16:25,12/13/2024,17:54,
515,Chicago,Miami,ORD,MIA,06/07/2024,21:54,06/08/2024,00:53,
516,Miami,Boston,MIA,BOS,03/07/2023,19:39,03/08/2023,02:09,
517,Chicago,Denver,ORD,DEN,01/17/2024,18:17,01/17/2024,21:30,
518,San Francisco,Chicago,SFO,ORD,01/08/2024,06:45,01/08/2024,09:24,
519,Seattle,Chicago,SEA,ORD,07/05/2023,17:19,07/05/2023,22:25,
520,Los Angeles,New York,LAX,JFK,05/27/2023,05:58,05/27/2023,11:33,
521,Chicago,Atlanta,ORD,ATL,05/04/2023,04:00,05/04/2023,06:40,
522,New York,Boston,JFK,BOS,12/03/2023,22:28,12/04/2023,04:28,
523,Denver,Seattle,DEN,SEA,03/15/2024,14:28,03/15/2024,19:09,
524,Chicago,Seattle,ORD,SEA,12/02/2023,07:38,12/02/2023,12:56,
525,Miami,Los Angeles,MIA,LAX,09/21/2024,04:33,09/21/2024,10:56,
526,Boston,Los Angeles,BOS,LAX,02/10/2024,01:31,02/10/2024,07:00,
527,Atlanta,Dallas,ATL,DFW,03/05/2023,18:22,03/05/2023,21:45,
528,Atlanta,Denver,ATL,DEN,10/18/2024,23:57,10/19/2024,06:52,
529,San Francisco,Boston,SFO,BOS,10/16/2024,19:09,10/16/2024,20:10,
530,Seattle,Boston,SEA,BOS,01/08/2024,17:15,01/08/2024,23:32,
531,Seattle,Denver,SEA,DEN,09/27/2024,02:31,09/27/2024,06:23,
532,Miami,San Francisco,MIA,SFO,07/07/2023,20:47,07/08/2023,02:25,
533,Atlanta,New York,ATL,JFK,10/08/2023,11:16,10/08/2023,15:26,
534,Atlanta,Los Angeles,ATL,LAX,06/12/2023,20:33,06/12/2023,22:18,
535,Seattle,New York,SEA,JFK,09/17/2024,03:00,09/17/2024,07:32,
536,Seattle,Boston,SEA,BOS,04/22/2024,15:15,04/22/2024,18:24,
537,Chicago,Miami,ORD,MIA,10/20/2023,22:33,10/21/2023,04:59,
538,Denver,Atlanta,DEN,ATL,04/24/2023,08:36,04/24/2023,11:50,
539,Chicago,Atlanta,ORD,ATL,12/25/2024,03:58,12/25/2024,07:27,
540,Atlanta,San Francisco,ATL,SFO,07/15/2023,23:53,07/16/2023,05:57,
541,New York,Seattle,JFK,SEA,10/14/2024,19:00,10/14/2024,22:37,
542,Chicago,Denver,ORD,DEN,10/14/2023,09:08,10/14/2023,12:04,
543,Chicago,Denver,ORD,DEN,07/12/2024,15:44,07/12/2024,21:38,
544,San Francisco,Dallas,SFO,DFW,09/21/2024,22:55,09/22/2024,05:07,
545,Los Angeles,New York,LAX,JFK,08/02/2024,05:04,08/02/2024,09:40,
546,Seattle,Miami,SEA,MIA,07/23/2024,21:01,07/24/2024,01:19,
547,New York,Atlanta,JFK,ATL,04/22/2023,04:11,04/22/2023,10:54,
548,Atlanta,Miami,ATL,MIA,01/21/2023,12:48,01/21/2023,14:05,
549,Los Angeles,Miami,LAX,MIA,12/13/2023,07:04,12/13/2023,10:13,
550,Seattle,Chicago,SEA,ORD,11/05/2024,00:32,11/05/2024,02:09,
551,Dallas,New York,DFW,JFK,12/14/2023,06:28,12/14/2023,12:49,
552,Miami,Los Angeles,MIA,LAX,06/17/2024,08:41,06/17/2024,11:50,
553,Denver,Los Angeles,DEN,LAX,06/04/2024,02:14,06/04/2024,08:15,
554,Denver,New York,DEN,JFK,03/17/2023,15:41,03/17/2023,19:00,
555,Miami,Dallas,MIA,DFW,06/28/2023,08:01,06/28/2023,10:14,
556,Chicago,Los Angeles,ORD,LAX,03/18/2023,08:15,03/18/2023,13:03,
557,Atlanta,Dallas,ATL,DFW,01/02/2023,06:54,01/02/2023,11:35,
558,New York,Atlanta,JFK,ATL,02/23/2023,01:48,02/23/2023,07:47,
559,New York,Seattle,JFK,SEA,11/20/2023,10:22,11/20/2023,11:50,
560,Boston,Miami,BOS,MIA,09/10/2023,18:27,09/10/2023,21:58,
561,New York,Miami,JFK,MIA,03/06/2023,18:20,03/06/2023,20:06,
562,San Francisco,Atlanta,SFO,ATL,02/17/2024,17:34,02/17/2024,20:14,
563,Atlanta,San Francisco,ATL,SFO,07/16/2024,05:34,07/16/2024,09:56,
564,Boston,Seattle,BOS,SEA,10/04/2024,11:33,10/04/2024,12:42,
565,Atlanta,Denver,ATL,DEN,12/13/2024,20:22,12/13/2024,22:43,
566,New York,Seattle,JFK,SEA,11/18/2024,23:37,11/19/2024,05:48,
567,New York,Dallas,JFK,DFW,11/20/2024,02:07,11/20/2024,03:20,
568,Los Angeles,New York,LAX,JFK,02/27/2023,17:41,02/27/2023,22:23,
569,Los Angeles,New York,LAX,JFK,05/06/2023,11:55,05/06/2023,17:34,
570,Boston,Denver,BOS,DEN,02/01/2024,20:07,02/01/2024,23:33,
571,New York,Los Angeles,JFK,LAX,05/03/2023,05:29,05/03/2023,11:33,
572,Dallas,Seattle,DFW,SEA,12/18/2024,02:54,12/18/2024,05:18,
573,Dallas,Chicago,DFW,ORD,01/08/2024,02:26,01/08/2024,08:53,
574,Dallas,Miami,DFW,MIA,04/11/2023,13:55,04/11/2023,20:43,
575,Miami,San Francisco,MIA,SFO,07/01/2024,17:07,07/01/2024,20:48,
576,Seattle,Chicago,SEA,ORD,06/28/2023,22:14,06/28/2023,23:37,
577,Miami,Los Angeles,MIA,LAX,07/24/2023,01:14,07/24/2023,06:46,
578,San Francisco,Chicago,SFO,ORD,04/10/2023,13:36,04/10/2023,19:08,
579,Seattle,New York,SEA,JFK,03/04/2024,04:41,03/04/2024,11:23,
580,San Francisco,Denver,SFO,DEN,12/07/2024,06:45,12/07/2024,10:00,
581,Dallas,Miami,DFW,MIA,05/09/2024,07:37,05/09/2024,13:26,
582,Miami,New York,MIA,JFK,08/27/2023,16:18,08/27/2023,19:00,
583,Dallas,Los Angeles,DFW,LAX,05/24/2024,17:04,05/24/2024,18:52,
584,Atlanta,San Francisco,ATL,SFO,08/02/2024,13:34,08/02/2024,16:56,
585,Los Angeles,Chicago,LAX,ORD,04/28/2024,20:54,04/29/2024,02:27,
586,New York,Los Angeles,JFK,LAX,12/26/2024,14:22,12/26/2024,19:33,
587,Los Angeles,Dallas,LAX,DFW,10/24/2023,02:26,10/24/2023,08:56,
588,Seattle,Dallas,SEA,DFW,01/18/2024,06:03,01/18/2024,08:21,
589,Denver,Seattle,DEN,SEA,05/09/2024,15:07,05/09/2024,17:06,
590,Seattle,Miami,SEA,MIA,04/25/2023,17:52,04/25/2023,23:50,
591,Seattle,Boston,SEA,BOS,07/08/2023,21:01,07/09/2023,00:09,
592,New York,Chicago,JFK,ORD,11/03/2024,03:34,11/03/2024,07:38,
593,San Francisco,New York,SFO,JFK,02/06/2023,23:10,02/07/2023,04:35,
594,San Francisco,Boston,SFO,BOS,10/01/2023,15:38,10/01/2023,19:14,
595,Boston,Chicago,BOS,ORD,11/14/2024,18:41,11/15/2024,01:25,
596,Los Angeles,New York,LAX,JFK,07/02/2024,00:00,07/02/2024,04:48,
597,San Francisco,Chicago,SFO,ORD,06/19/2024,08:10,06/19/2024,12:47,
598,Atlanta,Chicago,ATL,ORD,09/14/2023,11:25,09/14/2023,16:36,
599,Miami,Dallas,MIA,DFW,03/07/2023,20:50,03/08/2023,01:16,
600,Denver,Seattle,DEN,SEA,06/11/2023,22:10,06/12/2023,02:58,
601,Atlanta,Boston,ATL,BOS,03/21/2023,04:29,03/21/2023,06:48,
602,Chicago,Boston,ORD,BOS,12/09/2024,05:24,12/09/2024,10:11,
603,Los Angeles,Denver,LAX,DEN,11/14/2023,13:48,11/14/2023,15:10,
604,San Francisco,Chicago,SFO,ORD,10/09/2024,13:33,10/09/2024,17:40,
605,Denver,New York,DEN,JFK,04/05/2023,16:37,04/05/2023,23:00,
606,Dallas,Atlanta,DFW,ATL,04/23/2023,08:59,04/23/2023,12:48,
607,Dallas,Boston,DFW,BOS,08/02/2024,08:51,08/02/2024,13:19,
608,San Francisco,New York,SFO,JFK,08/17/2024,06:19,08/17/2024,09:23,
609,Los Angeles,Dallas,LAX,DFW,04/27/2023,15:36,04/27/2023,17:06,
610,San Francisco,Denver,SFO,DEN,05/07/2023,08:40,05/07/2023,14:09,
611,Atlanta,New York,ATL,JFK,12/08/2024,08:34,12/08/2024,14:22,
612,Boston,New York,BOS,JFK,12/09/2023,21:45,12/09/2023,23:23,
613,Chicago,Los Angeles,ORD,LAX,11/01/2024,10:07,11/01/2024,11:50,
614,San Francisco,Atlanta,SFO,ATL,04/17/2024,01:06,04/17/2024,08:04,
615,Los Angeles,Boston,LAX,BOS,09/07/2023,18:28,09/07/2023,23:32,
616,Los Angeles,Chicago,LAX,ORD,04/05/2023,05:46,04/05/2023,11:37,
617,Dallas,San Francisco,DFW,SFO,03/25/2023,23:51,03/26/2023,06:41,
618,Denver,Miami,DEN,MIA,05/07/2023,06:29,05/07/2023,10:35,
619,Miami,Atlanta,MIA,ATL,03/28/2023,14:55,03/28/2023,17:31,
620,San Francisco,Dallas,SFO,DFW,05/09/2023,02:26,05/09/2023,07:50,
621,Seattle,Denver,SEA,DEN,01/08/2024,11:26,01/08/2024,13:06,
622,San Francisco,Miami,SFO,MIA,05/11/2024,12:33,05/11/2024,17:04,
623,Boston,Dallas,BOS,DFW,02/08/2023,04:41,02/08/2023,08:20,
624,Dallas,Denver,DFW,DEN,06/14/2024,09:42,06/14/2024,11:21,
625,Chicago,Dallas,ORD,DFW,06/17/2023,05:50,06/17/2023,12:37,
626,Boston,San Francisco,BOS,SFO,05/20/2024,15:46,05/20/2024,19:39,
627,Los Angeles,Chicago,LAX,ORD,11/02/2023,23:09,11/03/2023,01:37,
628,Miami,Seattle,MIA,SEA,03/17/2024,09:59,03/17/2024,16:21,
629,San Francisco,Miami,SFO,MIA,10/27/2024,20:02,10/27/2024,22:43,
630,Los Angeles,Denver,LAX,DEN,12/13/2023,07:09,12/13/2023,14:05,
631,Boston,San Francisco,BOS,SFO,02/05/2023,06:43,02/05/2023,12:57,
632,Dallas,New York,DFW,JFK,07/19/2024,08:13,07/19/2024,14:24,
633,Boston,Seattle,BOS,SEA,06/09/2024,00:03,06/09/2024,05:54,
634,San Francisco,Miami,SFO,MIA,01/08/2023,20:34,01/09/2023,00:45,
635,Boston,Denver,BOS,DEN,12/08/2024,05:50,12/08/2024,10:28,
636,Los Angeles,San Francisco,LAX,SFO,04/24/2024,08:13,04/24/2024,12:16,
637,Seattle,Atlanta,SEA,ATL,04/18/2023,07:09,04/18/2023,08:27,
638,Los Angeles,New York,LAX,JFK,03/03/2023,00:46,03/03/2023,03:07,
639,Dallas,Chicago,DFW,ORD,09/15/2023,10:43,09/15/2023,12:59,
640,Los Angeles,Atlanta,LAX,ATL,04/04/2024,16:47,04/04/2024,19:17,
641,Chicago,Atlanta,ORD,ATL,05/01/2024,19:46,05/02/2024,02:03,
642,Chicago,Atlanta,ORD,ATL,11/10/2024,15:27,11/10/2024,18:48,
643,Atlanta,Denver,ATL,DEN,07/04/2024,09:45,07/04/2024,13:23,
644,San Francisco,Chicago,SFO,ORD,12/13/2024,01:18,12/13/2024,06:48,
645,Denver,Dallas,DEN,DFW,02/21/2023,15:29,02/21/2023,20:34,
646,Denver,Seattle,DEN,SEA,04/09/2024,23:38,04/10/2024,03:56,
647,New York,Chicago,JFK,ORD,12/28/2023,08:14,12/28/2023,10:11,
648,Boston,Denver,BOS,DEN,06/26/2023,18:43,06/26/2023,20:30,
649,New York,Seattle,JFK,SEA,01/20/2023,04:27,01/20/2023,08:22,
650,Dallas,Chicago,DFW,ORD,10/12/2023,01:04,10/12/2023,07:50,
651,Los Angeles,Dallas,LAX,DFW,05/01/2023,21:24,05/02/2023,00:11,
652,New York,Chicago,JFK,ORD,06/22/2023,04:01,06/22/2023,09:37,
653,Dallas,Atlanta,DFW,ATL,05/09/2024,09:27,05/09/2024,15:41,
654,Dallas,Los Angeles,DFW,LAX,01/12/2023,12:38,01/12/2023,16:33,
655,Seattle,Los Angeles,SEA,LAX,10/26/2024,01:47,10/26/2024,02:49,
656,Los Angeles,Denver,LAX,DEN,08/15/2024,14:51,08/15/2024,18:58,
657,Los Angeles,San Francisco,LAX,SFO,06/25/2024,06:22,06/25/2024,10:16,
658,Denver,Dallas,DEN,DFW,05/09/2024,01:23,05/09/2024,07:50,
659,Miami,Los Angeles,MIA,LAX,11/11/2024,15:30,11/11/2024,17:33,
660,New York,Boston,JFK,BOS,08/17/2023,00:38,08/17/2023,05:07,
661,New York,Chicago,JFK,ORD,02/18/2023,09:55,02/18/2023,16:38,
662,Dallas,Los Angeles,DFW,LAX,01/15/2024,05:23,01/15/2024,09:12,
663,Atlanta,Los Angeles,ATL,LAX,02/07/2023,00:42,02/07/2023,03:37,
664,San Francisco,Chicago,SFO,ORD,03/11/2023,18:13,03/11/2023,22:52,
665,Denver,San Francisco,DEN,SFO,09/15/2023,14:20,09/15/2023,19:33,
666,Los Angeles,Boston,LAX,BOS,12/16/2023,16:27,12/16/2023,18:46,
667,Boston,Denver,BOS,DEN,02/03/2023,23:39,02/04/2023,00:44,
668,Boston,Dallas,BOS,DFW,10/25/2023,02:09,10/25/2023,08:11,
669,Boston,Dallas,BOS,DFW,12/03/2024,19:20,12/03/2024,23:08,
670,Chicago,Atlanta,ORD,ATL,03/04/2023,18:11,03/04/2023,23:16,
671,New York,Denver,JFK,DEN,06/07/2023,10:17,06/07/2023,11:30,
672,New York,San Francisco,JFK,SFO,02/01/2023,14:51,02/01/2023,21:50,
673,Boston,Atlanta,BOS,ATL,03/17/2023,13:57,03/17/2023,16:14,
674,New York,Dallas,JFK,DFW,11/26/2024,12:40,11/26/2024,13:52,
675,Atlanta,Los Angeles,ATL,LAX,05/23/2024,01:45,05/23/2024,07:55,
676,Los Angeles,Atlanta,LAX,ATL,01/15/2024,05:20,01/15/2024,09:30,
677,New York,Chicago,JFK,ORD,05/19/2023,11:01,05/19/2023,16:28,
678,Miami,Boston,MIA,BOS,11/14/2023,00:01,11/14/2023,04:50,
679,Los Angeles,Miami,LAX,MIA,09/11/2023,22:39,09/12/2023,01:40,
680,New York,Dallas,JFK,DFW,10/10/2023,12:53,10/10/2023,19:02,
681,Boston,Dallas,BOS,DFW,11/19/2023,12:09,11/19/2023,15:56,
682,New York,Dallas,JFK,DFW,11/21/2023,03:58,11/21/2023,09:47,
683,Los Angeles,San Francisco,LAX,SFO,10/09/2024,03:06,10/09/2024,06:18,
684,Seattle,Los Angeles,SEA,LAX,09/17/2023,23:11,09/18/2023,05:34,
685,Atlanta,Boston,ATL,BOS,11/24/2024,12:40,11/24/2024,16:17,
686,Miami,New York,MIA,JFK,04/19/2024,23:33,04/20/2024,03:17,
687,Denver,Dallas,DEN,DFW,11/08/2024,16:03,11/08/2024,22:05,
688,Chicago,San Francisco,ORD,SFO,10/02/2024,03:07,10/02/2024,07:34,
689,Miami,Dallas,MIA,DFW,03/28/2024,13:17,03/28/2024,18:13,
690,Denver,Los Angeles,DEN,LAX,06/06/2023,11:50,06/06/2023,18:35,
691,Miami,Chicago,MIA,ORD,07/27/2023,06:18,07/27/2023,10:13,
692,San Francisco,Denver,SFO,DEN,02/10/2023,10:14,02/10/2023,13:10,
693,Los Angeles,Chicago,LAX,ORD,02/13/2023,05:57,02/13/2023,07:32,
694,Boston,New York,BOS,JFK,06/17/2024,17:25,06/17/2024,22:17,
695,Miami,Dallas,MIA,DFW,10/24/2024,00:53,10/24/2024,07:50,
696,Seattle,Chicago,SEA,ORD,04/09/2023,09:41,04/09/2023,15:25,
697,Atlanta,Chicago,ATL,ORD,01/19/2024,14:05,01/19/2024,20:56,
698,Seattle,Miami,SEA,MIA,04/22/2024,15:13,04/22/2024,16:32,
699,Atlanta,Miami,ATL,MIA,01/01/2024,07:45,01/01/2024,11:44,
700,San Francisco,Miami,SFO,MIA,01/27/2024,09:43,01/27/2024,13:54,
701,Denver,Los Angeles,DEN,LAX,08/03/2024,21:31,08/04/2024,00:25,
702,Chicago,Seattle,ORD,SEA,12/13/2024,03:45,12/13/2024,08:00,
703,Miami,New York,MIA,JFK,11/12/2024,22:33,11/13/2024,01:42,
704,Chicago,Dallas,ORD,DFW,03/26/2023,02:20,03/26/2023,08:20,
705,Los Angeles,Boston,LAX,BOS,02/16/2024,15:24,02/16/2024,17:39,
706,San Francisco,Boston,SFO,BOS,06/26/2023,22:56,06/27/2023,02:29,
707,Boston,Los Angeles,BOS,LAX,03/24/2023,09:16,03/24/2023,15:18,
708,Los Angeles,Chicago,LAX,ORD,12/15/2023,04:20,12/15/2023,07:36,
709,Atlanta,Miami,ATL,MIA,06/06/2024,22:39,06/07/2024,02:47,
710,Los Angeles,Dallas,LAX,DFW,07/24/2024,10:04,07/24/2024,12:15,
711,Dallas,Atlanta,DFW,ATL,09/02/2023,01:44,09/02/2023,07:19,
712,Miami,Denver,MIA,DEN,06/19/2024,03:05,06/19/2024,08:12,
713,San Francisco,Dallas,SFO,DFW,08/22/2023,03:50,08/22/2023,07:42,
714,Chicago,San Francisco,ORD,SFO,03/25/2024,08:08,03/25/2024,09:20,
715,Los Angeles,Seattle,LAX,SEA,12/02/2023,06:18,12/02/2023,08:27,
716,San Francisco,Atlanta,SFO,ATL,12/10/2024,19:47,12/10/2024,23:39,
717,Boston,Miami,BOS,MIA,01/06/2024,02:56,01/06/2024,09:45,
718,Los Angeles,Seattle,LAX,SEA,01/21/2024,06:31,01/21/2024,11:24,
719,Chicago,Los Angeles,ORD,LAX,03/26/2024,23:32,03/27/2024,03:43,
720,Denver,Los Angeles,DEN,LAX,10/12/2024,23:33,10/13/2024,01:36,
721,Dallas,San Francisco,DFW,SFO,01/11/2023,03:21,01/11/2023,08:39,
722,Dallas,New York,DFW,JFK,12/22/2024,06:23,12/22/2024,08:47,
723,Boston,San Francisco,BOS,SFO,11/28/2024,19:34,11/28/2024,23:06,
724,New York,Denver,JFK,DEN,06/11/2024,12:04,06/11/2024,13:39,
725,Chicago,Boston,ORD,BOS,12/02/2024,07:02,12/02/2024,11:07,
726,Boston,Miami,BOS,MIA,08/21/2024,14:46,08/21/2024,20:10,
727,Seattle,Boston,SEA,BOS,11/09/2023,11:55,11/09/2023,13:27,
728,Chicago,Los Angeles,ORD,LAX,11/21/2024,21:09,11/22/2024,03:47,
729,Dallas,Chicago,DFW,ORD,09/14/2023,04:35,09/14/2023,10:26,
730,Denver,Boston,DEN,BOS,06/15/2023,18:48,06/16/2023,01:32,
731,Chicago,Miami,ORD,MIA,04/16/2023,17:46,04/16/2023,22:14,
732,San Francisco,Dallas,SFO,DFW,01/06/2023,03:13,01/06/2023,08:45,
733,Chicago,Denver,ORD,DEN,04/16/2024,10:35,04/16/2024,17:16,
734,New York,Dallas,JFK,DFW,05/10/2024,09:52,05/10/2024,16:42,
735,Denver,Seattle,DEN,SEA,03/12/2024,17:32,03/13/2024,00:21,
736,Seattle,Boston,SEA,BOS,04/03/2023,20:56,04/04/2023,01:11,
737,Boston,Miami,BOS,MIA,08/08/2024,01:49,08/08/2024,08:38,
738,Denver,New York,DEN,JFK,10/10/2023,06:46,10/10/2023,08:51,
739,Boston,Chicago,BOS,ORD,12/18/2024,02:24,12/18/2024,05:11,
740,New York,Los Angeles,JFK,LAX,01/24/2024,23:37,01/25/2024,02:33,
741,Dallas,Denver,DFW,DEN,05/08/2023,13:51,05/08/2023,18:05,
742,New York,Atlanta,JFK,ATL,07/21/2024,16:51,07/21/2024,18:43,
743,Seattle,Denver,SEA,DEN,04/17/2023,12:22,04/17/2023,15:53,
744,Los Angeles,Denver,LAX,DEN,04/02/2024,20:48,04/02/2024,23:33,
745,Dallas,Chicago,DFW,ORD,11/23/2024,20:44,11/24/2024,01:40,
746,Atlanta,San Francisco,ATL,SFO,04/25/2024,22:58,04/26/2024,04:09,
747,Los Angeles,Atlanta,LAX,ATL,06/11/2024,10:29,06/11/2024,14:18,
748,Atlanta,Los Angeles,ATL,LAX,12/03/2024,01:13,12/03/2024,07:24,
749,Boston,Denver,BOS,DEN,05/11/2023,04:40,05/11/2023,06:35,
750,New York,Chicago,JFK,ORD,01/28/2023,21:00,01/29/2023,03:45,
751,Denver,San Francisco,DEN,SFO,09/10/2023,00:23,09/10/2023,04:34,
752,Chicago,Dallas,ORD,DFW,07/26/2024,06:44,07/26/2024,09:35,
753,San Francisco,Los Angeles,SFO,LAX,06/03/2024,11:43,06/03/2024,14:16,
754,New York,San Francisco,JFK,SFO,01/19/2024,04:09,01/19/2024,09:36,
755,Boston,Denver,BOS,DEN,11/03/2023,07:00,11/03/2023,11:35,
756,Boston,Los Angeles,BOS,LAX,08/16/2024,15:33,08/16/2024,20:37,
757,Los Angeles,Dallas,LAX,DFW,07/22/2024,13:05,07/22/2024,14:44,
758,New York,Seattle,JFK,SEA,06/01/2024,15:51,06/01/2024,20:55,
759,Seattle,San Francisco,SEA,SFO,10/09/2023,18:24,10/09/2023,20:51,
760,Los Angeles,Denver,LAX,DEN,04/24/2024,02:55,04/24/2024,08:36,
761,Miami,Boston,MIA,BOS,12/06/2024,03:46,12/06/2024,05:18,
762,Seattle,Chicago,SEA,ORD,07/02/2024,11:10,07/02/2024,13:16,
763,San Francisco,Los Angeles,SFO,LAX,06/19/2023,15:58,06/19/2023,18:36,
764,Los Angeles,Atlanta,LAX,ATL,09/04/2023,05:18,09/04/2023,07:42,
765,San Francisco,Miami,SFO,MIA,07/17/2023,23:49,07/18/2023,01:42,
766,Denver,Boston,DEN,BOS,04/26/2024,17:14,04/26/2024,20:25,
767,Chicago,New York,ORD,JFK,01/18/2024,04:08,01/18/2024,08:20,
768,Miami,Boston,MIA,BOS,04/04/2024,04:38,04/04/2024,10:57,
769,Chicago,Boston,ORD,BOS,07/16/2023,19:58,07/17/2023,00:32,
770,Denver,Atlanta,DEN,ATL,12/12/2024,22:17,12/13/2024,02:40,
771,Miami,Chicago,MIA,ORD,08/08/2023,04:37,08/08/2023,06:32,
772,Denver,Atlanta,DEN,ATL,11/14/2023,14:08,11/14/2023,20:07,
773,Chicago,Atlanta,ORD,ATL,04/03/2024,12:03,04/03/2024,19:02,
774,Miami,Seattle,MIA,SEA,02/24/2024,16:56,02/24/2024,18:44,
775,Atlanta,San Francisco,ATL,SFO,02/11/2024,15:40,02/11/2024,18:21,
776,San Francisco,Chicago,SFO,ORD,02/26/2023,20:50,02/27/2023,01:36,
777,New York,Chicago,JFK,ORD,12/01/2023,18:12,12/02/2023,00:11,
778,New York,Los Angeles,JFK,LAX,01/06/2023,05:53,01/06/2023,08:45,
779,Boston,Los Angeles,BOS,LAX,11/10/2023,17:53,11/10/2023,22:05,
780,Dallas,Chicago,DFW,ORD,06/26/2024,04:59,06/26/2024,07:07,
781,Seattle,Dallas,SEA,DFW,06/05/2023,19:59,06/06/2023,01:11,
782,Boston,Denver,BOS,DEN,12/06/2024,18:06,12/07/2024,00:58,
783,Dallas,Atlanta,DFW,ATL,08/28/2024,18:03,08/29/2024,00:26,
784,Boston,New York,BOS,JFK,08/14/2024,23:15,08/15/2024,05:59,
785,Seattle,Atlanta,SEA,ATL,12/02/2023,12:04,12/02/2023,18:03,
786,San Francisco,New York,SFO,JFK,10/03/2023,14:28,10/03/2023,17:24,
787,Boston,Dallas,BOS,DFW,04/04/2023,18:01,04/05/2023,00:37,
788,San Francisco,Dallas,SFO,DFW,09/26/2023,00:20,09/26/2023,03:47,
789,Boston,Los Angeles,BOS,LAX,07/03/2024,19:19,07/04/2024,02:09,
790,Atlanta,Chicago,ATL,ORD,01/06/2023,11:44,01/06/2023,18:14,
791,Seattle,Dallas,SEA,DFW,09/16/2024,20:19,09/16/2024,21:46,
792,Los Angeles,Miami,LAX,MIA,12/11/2024,15:18,12/11/2024,20:42,
793,Miami,San Francisco,MIA,SFO,10/17/2024,08:50,10/17/2024,12:30,
794,San Francisco,Denver,SFO,DEN,05/27/2023,00:07,05/27/2023,02:32,
795,Atlanta,Miami,ATL,MIA,09/18/2024,13:47,09/18/2024,19:46,
796,Denver,San Francisco,DEN,SFO,04/10/2023,06:38,04/10/2023,12:35,
797,New York,Boston,JFK,BOS,02/27/2023,20:51,02/28/2023,00:34,
798,Dallas,Seattle,DFW,SEA,07/05/2023,13:17,07/05/2023,19:28,
799,Miami,Denver,MIA,DEN,01/18/2023,02:05,01/18/2023,05:15,
800,Chicago,Seattle,ORD,SEA,04/27/2023,00:30,04/27/2023,02:23,
801,Atlanta,New York,ATL,JFK,01/17/2024,04:41,01/17/2024,09:20,
802,Chicago,New York,ORD,JFK,07/28/2023,09:03,07/28/2023,14:11,
803,Miami,Chicago,MIA,ORD,04/01/2023,22:36,04/02/2023,00:21,
804,Seattle,San Francisco,SEA,SFO,10/23/2023,16:48,10/23/2023,19:15,
805,Miami,Seattle,MIA,SEA,02/17/2024,04:40,02/17/2024,06:47,
806,New York,Seattle,JFK,SEA,10/11/2023,06:12,10/11/2023,08:08,
807,Denver,Dallas,DEN,DFW,05/08/2024,21:21,05/09/2024,02:04,
808,Los Angeles,New York,LAX,JFK,09/17/2023,05:04,09/17/2023,07:16,
809,Boston,Atlanta,BOS,ATL,06/19/2024,09:13,06/19/2024,15:29,
810,Denver,New York,DEN,JFK,01/26/2024,06:34,01/26/2024,10:47,
811,Seattle,San Francisco,SEA,SFO,02/25/2023,18:21,02/26/2023,01:15,
812,Los Angeles,Seattle,LAX,SEA,01/28/2024,16:51,01/28/2024,19:50,
813,Dallas,Atlanta,DFW,ATL,02/14/2024,11:09,02/14/2024,16:25,
814,San Francisco,Denver,SFO,DEN,09/04/2024,09:42,09/04/2024,15:23,
815,Boston,San Francisco,BOS,SFO,01/21/2024,19:42,01/22/2024,02:00,
816,San Francisco,Chicago,SFO,ORD,06/08/2024,21:20,06/09/2024,03:39,
817,Chicago,Seattle,ORD,SEA,02/07/2024,18:57,02/07/2024,20:42,
818,Los Angeles,Chicago,LAX,ORD,10/26/2023,02:29,10/26/2023,04:57,
819,Denver,New York,DEN,JFK,06/20/2024,19:53,06/20/2024,23:31,
820,Seattle,Denver,SEA,DEN,03/06/2023,17:17,03/06/2023,22:37,
821,Dallas,Seattle,DFW,SEA,06/24/2024,13:07,06/24/2024,16:42,
822,Atlanta,Seattle,ATL,SEA,01/04/2024,06:04,01/04/2024,12:39,
823,Denver,New York,DEN,JFK,09/07/2024,12:20,09/07/2024,13:49,
824,New York,Los Angeles,JFK,LAX,11/01/2024,09:13,11/01/2024,16:06,
825,Chicago,Los Angeles,ORD,LAX,03/10/2023,07:01,03/10/2023,13:18,
826,Chicago,Seattle,ORD,SEA,01/13/2024,04:49,01/13/2024,11:19,
827,New York,Boston,JFK,BOS,10/19/2023,13:54,10/19/2023,15:04,
828,Dallas,San Francisco,DFW,SFO,03/23/2024,04:34,03/23/2024,10:32,
829,Chicago,Seattle,ORD,SEA,05/04/2023,17:09,05/04/2023,18:36,
830,Seattle,Chicago,SEA,ORD,11/19/2024,04:12,11/19/2024,10:03,
831,Dallas,Miami,DFW,MIA,06/06/2023,20:52,06/07/2023,03:16,
832,Chicago,Dallas,ORD,DFW,02/17/2023,19:51,02/17/2023,21:29,
833,Seattle,Denver,SEA,DEN,08/27/2024,07:40,08/27/2024,10:08,
834,Denver,Dallas,DEN,DFW,04/17/2024,00:15,04/17/2024,03:59,
835,Los Angeles,New York,LAX,JFK,11/10/2023,11:38,11/10/2023,16:16,
836,Los Angeles,San Francisco,LAX,SFO,11/17/2023,14:16,11/17/2023,19:08,
837,New York,Dallas,JFK,DFW,02/06/2024,03:15,02/06/2024,07:47,
838,New York,Boston,JFK,BOS,01/10/2024,13:36,01/10/2024,15:15,
839,Atlanta,Miami,ATL,MIA,10/26/2024,09:22,10/26/2024,13:44,
840,Seattle,Boston,SEA,BOS,10/17/2023,21:15,10/18/2023,03:44,
841,New York,Atlanta,JFK,ATL,01/05/2023,11:54,01/05/2023,18:49,
842,Denver,Atlanta,DEN,ATL,11/01/2024,17:13,11/01/2024,19:25,
843,Dallas,Miami,DFW,MIA,09/01/2024,04:22,09/01/2024,07:49,
844,New York,Seattle,JFK,SEA,07/22/2024,04:02,07/22/2024,06:05,
845,Atlanta,Dallas,ATL,DFW,08/23/2023,08:04,08/23/2023,14:56,
846,Seattle,Dallas,SEA,DFW,11/18/2023,07:33,11/18/2023,13:35,
847,New York,Atlanta,JFK,ATL,05/26/2024,12:15,05/26/2024,16:28,
848,Atlanta,Dallas,ATL,DFW,12/28/2023,10:29,12/28/2023,14:29,
849,Seattle,Chicago,SEA,ORD,06/11/2023,12:40,06/11/2023,18:13,
850,New York,Miami,JFK,MIA,08/12/2024,11:38,08/12/2024,13:51,
851,Atlanta,Dallas,ATL,DFW,07/12/2024,20:11,07/13/2024,00:17,
852,Miami,Seattle,MIA,SEA,02/07/2023,16:06,02/07/2023,19:51,
853,Miami,Atlanta,MIA,ATL,03/10/2024,09:33,03/10/2024,13:48,
854,Atlanta,Denver,ATL,DEN,10/16/2024,01:12,10/16/2024,07:39,
855,Miami,Dallas,MIA,DFW,01/21/2024,06:32,01/21/2024,08:29,
856,Denver,Dallas,DEN,DFW,07/15/2024,03:38,07/15/2024,08:16,
857,Atlanta,Denver,ATL,DEN,01/17/2024,21:33,01/18/2024,00:49,
858,New York,Boston,JFK,BOS,02/14/2023,15:32,02/14/2023,21:05,
859,San Francisco,Denver,SFO,DEN,09/16/2024,02:24,09/16/2024,08:55,
860,San Francisco,Dallas,SFO,DFW,10/28/2023,03:23,10/28/2023,08:22,
861,Denver,San Francisco,DEN,SFO,06/20/2024,23:19,06/21/2024,03:52,
862,Seattle,San Francisco,SEA,SFO,03/28/2024,18:09,03/28/2024,19:41,
863,Chicago,Miami,ORD,MIA,01/28/2023,09:37,01/28/2023,15:09,
864,Los Angeles,San Francisco,LAX,SFO,09/19/2024,09:51,09/19/2024,14:00,
865,Miami,Los Angeles,MIA,LAX,10/10/2024,18:53,10/10/2024,22:25,
866,Los Angeles,New York,LAX,JFK,04/13/2024,16:23,04/13/2024,22:28,
867,Miami,Denver,MIA,DEN,05/09/2024,02:14,05/09/2024,08:19,
868,Atlanta,New York,ATL,JFK,11/16/2024,01:00,11/16/2024,07:34,
869,Dallas,Los Angeles,DFW,LAX,02/20/2024,00:44,02/20/2024,04:53,
870,Los Angeles,San Francisco,LAX,SFO,09/18/2024,07:28,09/18/2024,13:33,
871,San Francisco,New York,SFO,JFK,01/02/2024,20:58,01/03/2024,00:30,
872,Dallas,Miami,DFW,MIA,09/19/2024,17:58,09/20/2024,00:57,
873,New York,Denver,JFK,DEN,04/18/2024,09:58,04/18/2024,11:42,
874,San Francisco,Chicago,SFO,ORD,06/07/2023,05:31,06/07/2023,10:19,
875,Denver,Seattle,DEN,SEA,12/15/2024,03:07,12/15/2024,08:21,
876,Boston,Chicago,BOS,ORD,02/11/2023,19:53,02/12/2023,01:14,
877,Denver,Los Angeles,DEN,LAX,03/05/2024,14:58,03/05/2024,16:53,
878,Los Angeles,Chicago,LAX,ORD,07/16/2023,23:47,07/17/2023,03:47,
879,Chicago,Denver,ORD,DEN,08/08/2023,22:54,08/09/2023,01:33,
880,Atlanta,Seattle,ATL,SEA,02/16/2023,11:11,02/16/2023,13:07,
881,Miami,San Francisco,MIA,SFO,08/14/2024,19:16,08/15/2024,01:49,
882,Seattle,New York,SEA,JFK,02/16/2024,02:24,02/16/2024,08:42,
883,Atlanta,Chicago,ATL,ORD,08/21/2023,04:16,08/21/2023,09:48,
884,New York,Atlanta,JFK,ATL,05/27/2023,16:02,05/27/2023,21:44,
885,New York,Miami,JFK,MIA,05/20/2024,23:13,05/21/2024,01:23,
886,Chicago,Los Angeles,ORD,LAX,07/20/2024,22:38,07/21/2024,02:02,
887,Los Angeles,Dallas,LAX,DFW,06/08/2024,12:34,06/08/2024,13:50,
888,Los Angeles,Miami,LAX,MIA,03/19/2023,02:32,03/19/2023,06:01,
889,Boston,Denver,BOS,DEN,01/27/2024,10:47,01/27/2024,15:27,
890,Denver,Atlanta,DEN,ATL,10/25/2023,16:55,10/25/2023,20:10,
891,Boston,Miami,BOS,MIA,07/28/2023,20:10,07/29/2023,02:14,
892,Atlanta,Seattle,ATL,SEA,08/04/2023,19:09,08/04/2023,21:08,
893,Chicago,San Francisco,ORD,SFO,03/28/2024,07:44,03/28/2024,10:15,
894,Miami,New York,MIA,JFK,02/25/2024,04:57,02/25/2024,07:33,
895,Atlanta,Chicago,ATL,ORD,04/28/2023,04:17,04/28/2023,07:18,
896,Boston,Atlanta,BOS,ATL,07/12/2023,13:05,07/12/2023,20:00,
897,Los Angeles,Denver,LAX,DEN,12/02/2023,13:08,12/02/2023,17:09,
898,New York,Dallas,JFK,DFW,12/03/2023,19:36,12/04/2023,00:47,
899,Los Angeles,Chicago,LAX,ORD,09/04/2023,05:20,09/04/2023,07:59,
900,Denver,Dallas,DEN,DFW,07/12/2023,08:53,07/12/2023,13:00,
901,Denver,Boston,DEN,BOS,12/15/2023,21:05,12/16/2023,01:39,
902,Atlanta,Miami,ATL,MIA,09/15/2023,00:44,09/15/2023,05:10,
903,Seattle,New York,SEA,JFK,07/04/2024,08:59,07/04/2024,11:39,
904,New York,Denver,JFK,DEN,10/22/2023,11:34,10/22/2023,13:40,
905,Chicago,Dallas,ORD,DFW,11/08/2023,20:09,11/09/2023,01:48,
906,Chicago,New York,ORD,JFK,08/26/2023,00:09,08/26/2023,03:18,
907,New York,Denver,JFK,DEN,02/03/2023,18:45,02/03/2023,21:19,
908,Dallas,Chicago,DFW,ORD,02/28/2024,22:06,02/29/2024,04:14,
909,Denver,Los Angeles,DEN,LAX,05/08/2023,21:27,05/08/2023,23:35,
910,New York,Seattle,JFK,SEA,05/11/2023,08:31,05/11/2023,12:02,
911,Miami,Boston,MIA,BOS,11/02/2024,08:51,11/02/2024,10:19,
912,Los Angeles,Boston,LAX,BOS,08/05/2023,01:29,08/05/2023,02:30,
913,Miami,Denver,MIA,DEN,10/25/2023,13:10,10/25/2023,15:03,
914,Los Angeles,Seattle,LAX,SEA,12/18/2024,08:20,12/18/2024,11:57,
915,Atlanta,Los Angeles,ATL,LAX,05/19/2024,07:20,05/19/2024,09:44,
916,Seattle,Chicago,SEA,ORD,12/01/2024,22:03,12/02/2024,00:46,
917,Los Angeles,Dallas,LAX,DFW,03/02/2024,21:19,03/03/2024,00:21,
918,New York,Boston,JFK,BOS,04/26/2023,13:15,04/26/2023,19:39,
919,Denver,Boston,DEN,BOS,12/05/2023,08:35,12/05/2023,12:53,
920,Miami,Seattle,MIA,SEA,09/15/2023,12:31,09/15/2023,15:45,
921,Chicago,Los Angeles,ORD,LAX,09/05/2024,07:20,09/05/2024,12:25,
922,Los Angeles,Miami,LAX,MIA,07/25/2023,00:45,07/25/2023,07:39,
923,Denver,Boston,DEN,BOS,10/20/2024,05:18,10/20/2024,10:12,
924,Seattle,New York,SEA,JFK,04/19/2023,06:50,04/19/2023,08:56,
925,Boston,Miami,BOS,MIA,05/20/2023,10:07,05/20/2023,14:48,
926,Dallas,Boston,DFW,BOS,10/21/2023,06:05,10/21/2023,09:29,
927,Miami,Dallas,MIA,DFW,02/11/2023,07:44,02/11/2023,14:02,
928,Dallas,Boston,DFW,BOS,02/14/2023,02:43,02/14/2023,05:09,
929,Boston,Chicago,BOS,ORD,09/09/2024,05:29,09/09/2024,08:00,
930,Boston,Miami,BOS,MIA,04/12/2023,02:13,04/12/2023,06:49,
931,Boston,Seattle,BOS,SEA,11/14/2024,08:25,11/14/2024,13:53,
932,Seattle,New York,SEA,JFK,06/21/2023,09:12,06/21/2023,11:17,
933,Denver,Atlanta,DEN,ATL,03/06/2023,06:41,03/06/2023,09:50,
934,Chicago,Seattle,ORD,SEA,04/05/2023,17:37,04/06/2023,00:32,
935,New York,Miami,JFK,MIA,07/17/2024,17:25,07/17/2024,21:44,
936,New York,Los Angeles,JFK,LAX,03/28/2023,02:10,03/28/2023,03:42,
937,Boston,Seattle,BOS,SEA,04/13/2024,23:26,04/14/2024,00:58,
938,Boston,New York,BOS,JFK,01/18/2023,07:42,01/18/2023,13:08,
939,Dallas,Boston,DFW,BOS,12/22/2023,21:03,12/23/2023,00:39,
940,Los Angeles,Atlanta,LAX,ATL,08/10/2024,03:57,08/10/2024,07:53,
941,San Francisco,Atlanta,SFO,ATL,11/08/2023,19:07,11/09/2023,01:15,
942,Atlanta,Dallas,ATL,DFW,02/22/2024,19:51,02/22/2024,20:51,
943,Los Angeles,San Francisco,LAX,SFO,05/21/2024,10:46,05/21/2024,16:12,
944,Seattle,Dallas,SEA,DFW,06/15/2024,07:47,06/15/2024,12:32,
945,San Francisco,Chicago,SFO,ORD,09/08/2023,16:21,09/08/2023,20:36,
946,Chicago,Seattle,ORD,SEA,01/22/2024,16:22,01/22/2024,18:09,
947,New York,San Francisco,JFK,SFO,10/24/2023,18:30,10/24/2023,22:42,
948,Dallas,Los Angeles,DFW,LAX,06/25/2024,00:17,06/25/2024,04:40,
949,New York,Seattle,JFK,SEA,09/18/2023,11:43,09/18/2023,15:14,
950,Dallas,Seattle,DFW,SEA,02/08/2024,23:55,02/09/2024,06:23,
951,Atlanta,Boston,ATL,BOS,04/12/2023,15:48,04/12/2023,20:32,
952,Dallas,New York,DFW,JFK,10/22/2024,17:06,10/22/2024,22:38,
953,Miami,Boston,MIA,BOS,12/19/2024,02:34,12/19/2024,09:09,
954,San Francisco,Atlanta,SFO,ATL,04/18/2024,00:23,04/18/2024,06:03,
955,Dallas,Miami,DFW,MIA,07/02/2024,10:01,07/02/2024,15:46,
956,Seattle,New York,SEA,JFK,01/19/2024,05:10,01/19/2024,11:36,
957,Los Angeles,Boston,LAX,BOS,03/17/2024,19:57,03/18/2024,02:40,
958,San Francisco,New York,SFO,JFK,05/12/2024,13:19,05/12/2024,14:44,
959,Chicago,Seattle,ORD,SEA,08/27/2023,02:21,08/27/2023,08:07,
960,Seattle,Denver,SEA,DEN,03/19/2024,11:05,03/19/2024,15:14,
961,Boston,Miami,BOS,MIA,07/12/2024,04:32,07/12/2024,05:58,
962,Seattle,Los Angeles,SEA,LAX,05/07/2023,00:47,05/07/2023,07:05,
963,Boston,Seattle,BOS,SEA,12/28/2024,18:16,12/28/2024,19:50,
964,Dallas,New York,DFW,JFK,03/15/2023,03:10,03/15/2023,06:39,
965,Atlanta,Dallas,ATL,DFW,09/04/2024,16:45,09/04/2024,19:10,
966,Seattle,Dallas,SEA,DFW,05/13/2024,23:35,05/14/2024,04:03,
967,San Francisco,Chicago,SFO,ORD,06/02/2024,15:23,06/02/2024,20:37,
968,New York,Miami,JFK,MIA,11/09/2024,15:03,11/09/2024,17:54,
969,Los Angeles,San Francisco,LAX,SFO,02/25/2023,18:24,02/25/2023,19:40,
970,New York,San Francisco,JFK,SFO,07/22/2024,02:04,07/22/2024,06:03,
971,Dallas,Boston,DFW,BOS,06/04/2023,02:46,06/04/2023,06:47,
972,Chicago,Miami,ORD,MIA,03/25/2024,17:27,03/25/2024,23:46,
973,Denver,Atlanta,DEN,ATL,07/11/2024,03:34,07/11/2024,06:51,
974,Dallas,Miami,DFW,MIA,01/26/2024,20:32,01/27/2024,03:27,
975,Atlanta,Denver,ATL,DEN,03/16/2023,02:49,03/16/2023,04:19,
976,Miami,New York,MIA,JFK,06/17/2024,11:59,06/17/2024,14:07,
977,Atlanta,San Francisco,ATL,SFO,06/07/2024,00:48,06/07/2024,02:05,
978,Atlanta,San Francisco,ATL,SFO,12/02/2023,13:17,12/02/2023,19:35,
979,Boston,Los Angeles,BOS,LAX,07/26/2023,02:06,07/26/2023,04:47,
980,San Francisco,Atlanta,SFO,ATL,03/20/2024,23:18,03/21/2024,01:22,
981,Los Angeles,San Francisco,LAX,SFO,07/03/2023,14:03,07/03/2023,16:45,
982,Chicago,Dallas,ORD,DFW,07/04/2023,11:26,07/04/2023,17:39,
983,Atlanta,New York,ATL,JFK,08/02/2024,11:20,08/02/2024,16:44,
984,New York,Boston,JFK,BOS,02/03/2023,22:15,02/04/2023,01:41,
985,San Francisco,Atlanta,SFO,ATL,07/11/2024,09:05,07/11/2024,14:46,
986,Denver,San Francisco,DEN,SFO,03/19/2024,13:56,03/19/2024,20:52,
987,Denver,New York,DEN,JFK,11/20/2023,16:22,11/20/2023,17:23,
988,Denver,Dallas,DEN,DFW,01/20/2024,02:05,01/20/2024,05:36,
989,Dallas,Miami,DFW,MIA,06/26/2023,13:41,06/26/2023,19:23,
990,Atlanta,San Francisco,ATL,SFO,02/20/2024,19:08,02/21/2024,00:44,
991,Denver,Atlanta,DEN,ATL,02/24/2023,21:11,02/25/2023,00:52,
992,Boston,Seattle,BOS,SEA,06/19/2023,17:00,06/19/2023,19:16,
993,Atlanta,Seattle,ATL,SEA,12/13/2024,12:49,12/13/2024,17:36,
994,Chicago,Boston,ORD,BOS,09/03/2024,12:21,09/03/2024,16:43,
995,Seattle,Atlanta,SEA,ATL,05/16/2023,13:54,05/16/2023,16:56,
996,Denver,San Francisco,DEN,SFO,04/11/2023,00:01,04/11/2023,02:50,
997,Seattle,San Francisco,SEA,SFO,12/19/2023,11:58,12/19/2023,16:19,
998,Seattle,San Francisco,SEA,SFO,07/14/2023,07:10,07/14/2023,11:53,
999,Denver,Atlanta,DEN,ATL,06/10/2023,08:45,06/10/2023,14:03,
1000,Denver,Los Angeles,DEN,LAX,08/10/2023,11:29,08/10/2023,13:29,
